url,revision,vuln_ids
https://github.com/wildfly-security/wildfly-elytron,ab724249576aac103735532b1d5812bd8430981c,"CVE-2020-10714,CVE-2021-3642"
https://github.com/opencast/opencast,75fb85b86589be77f01e3e001dfaee335d472e47,"CVE-2020-5206,CVE-2020-5230,CVE-2020-5222,CVE-2020-5229,CVE-2021-21318,CVE-2020-26234,CVE-2022-29237,CVE-2022-41965,CVE-2021-43821,CVE-2021-43807,CVE-2020-5231"
https://github.com/apache/lucene-solr,860a9dbd42d1bfb021688bd40ded58d38dedaf8b,"CVE-2019-17558,CVE-2019-0193,CVE-2017-3164,CVE-2017-12629,CVE-2018-8026,CVE-2018-1308,CVE-2017-9803,CVE-2020-13941,CVE-2018-11802,CVE-2013-6407,CVE-2012-6612,CVE-2013-6397,CVE-2013-6408,CVE-2017-7660,CVE-2017-3163"
https://github.com/line/armeria,fbe7974e2c0daeb38b1bd81d81d68a797fc4be63,"CVE-2019-16771,CVE-2021-43795,CVE-2023-38493"
https://github.com/chakra-core/ChakraCore,36becec43348f259e8bee08cf2fcd171bfe56f42,"CVE-2019-1107,CVE-2019-0911,CVE-2019-1052,CVE-2019-1103,CVE-2019-0922,CVE-2019-0933,CVE-2018-8177,CVE-2019-0924,CVE-2019-0912,CVE-2019-1106,CVE-2018-8381,CVE-2019-1092,CVE-2017-11905,CVE-2017-11910,CVE-2019-0917,CVE-2018-8128,CVE-2018-8390,CVE-2019-0925,CVE-2018-8178,CVE-2019-1196,CVE-2019-1195,CVE-2019-1062,CVE-2019-1139,CVE-2019-1197"
https://github.com/yarnpkg/yarn,7cafa512a777048ce0b666080a24e80aae3d66a9,CVE-2020-8131
https://github.com/browserup/browserup-proxy,0f28ec6e8f1423e1fdb014fded72e9278bdd083f,CVE-2020-26282
https://github.com/halostatue/minitar,84a79b6fdb8b9f7600223d554ede4efa831a1214,CVE-2016-10173
https://github.com/scravy/node-macaddress,8deea57be8a4c404006d6a2885473a903fb92402,CVE-2018-13797
https://github.com/sqlite/sqlite,4a0b7a332f3aeb27814cfa12dc0ebdbbd994a928,"CVE-2019-8457,CVE-2019-5018"
https://github.com/apache/tika,17e1e127e223f68d3bc9415ca032d227338c55be,"CVE-2019-10093,CVE-2020-1950,CVE-2020-9489,CVE-2018-11761,CVE-2018-1335,CVE-2019-10094,CVE-2018-11762,CVE-2019-10088,CVE-2015-3271,CVE-2018-17197,CVE-2016-6809"
https://github.com/undertow-io/undertow,7929cbb29f0dcc4e0951d37c8fe247d6523f01bf,"CVE-2018-1114,CVE-2020-10719,CVE-2020-10705,CVE-2020-1745,CVE-2017-2670,CVE-2018-14642,CVE-2017-12196,CVE-2019-3888,CVE-2019-10184,CVE-2018-1067,CVE-2022-1319,CVE-2021-3859,CVE-2021-3690"
https://github.com/apache/nifi,e282a65f7f01dd02eeff7229c9c9cdbee24edf9a,"CVE-2017-15703,CVE-2020-13940,CVE-2019-10080,CVE-2020-1933,CVE-2020-1928,CVE-2020-1942,CVE-2018-1309,CVE-2019-10083,CVE-2020-9486,CVE-2018-17192,CVE-2018-17193,CVE-2018-17194,CVE-2018-17195,CVE-2023-22832"
https://github.com/apache/activemq,6dac231f8d4da64ac160b6ff790bd543aaa70428,"CVE-2012-6092,CVE-2014-3612,CVE-2015-6524,CVE-2013-1880,CVE-2010-0684,CVE-2011-4461,CVE-2015-7559,CVE-2013-1879,CVE-2020-11998,CVE-2010-1244,CVE-2018-11775,CVE-2014-3576,CVE-2015-5254,CVE-2020-13920,CVE-2017-15709,CVE-2016-0734,CVE-2014-3600,CVE-2015-1830,CVE-2016-3088"
https://github.com/cloudfoundry/uaa,262c761f94b692d664dd9dc3254b14d04d8bda35,"CVE-2015-5170,CVE-2015-5171,CVE-2017-8031,CVE-2018-15761,CVE-2016-5016,CVE-2017-4960,CVE-2018-1190,CVE-2019-11282,CVE-2019-3788,CVE-2015-3189,CVE-2016-3084,CVE-2019-3787,CVE-2018-1262,CVE-2019-11274,CVE-2020-5402,CVE-2018-11047,CVE-2015-5172,CVE-2018-11041"
https://github.com/infinispan/infinispan,9e1880ad090a6f7ca4508ca5a9264435cc01cd79,"CVE-2017-2638,CVE-2017-15089,CVE-2018-1131,CVE-2016-0750,CVE-2019-10174"
https://github.com/jquery/jquery-ui,2ef5467e82bf916657eff8134e3deb54858767cc,CVE-2010-5312
https://github.com/expressjs/morgan,8740a194bf64628c7cf359b285e5ab2a64037d0e,CVE-2019-5413
https://github.com/apache/cordova-android,872d98876e7c2188732ed476cc0de2b1c71191d1,"CVE-2015-5256,CVE-2015-8320"
https://github.com/dulwich/dulwich,2e289478de3e4682f2949f86e51dda4fec2015c5,"CVE-2015-0838,CVE-2017-16228"
https://github.com/sequelize/sequelize,638fb93b7a4cbcc6bbd0ee1b0a478af383093b8d,"CVE-2016-10554,CVE-2016-10556,CVE-2019-10749,CVE-2019-10752"
https://github.com/plone/Products.CMFEditions,c7be766c54c62ebb247fef8120ae81793dd7e18b,CVE-2011-4030
https://github.com/ruby/rdoc,9684f8537018aa99cb718417bf7ab3443b121d41,CVE-2013-0256
https://github.com/apache/struts,f06bc517ab2bb68521293ddb61fbdae10833085b,"CVE-2016-4433,CVE-2008-6682,CVE-2016-4430,CVE-2017-7672,CVE-2013-4316,CVE-2017-9787,CVE-2011-2087,CVE-2018-11776,CVE-2013-2248,CVE-2013-6348,CVE-2013-2135,CVE-2014-0094,CVE-2008-6505,CVE-2016-4438,CVE-2013-2251,CVE-2013-2115,CVE-2016-3087,CVE-2016-6795,CVE-2016-4431,CVE-2018-1327,CVE-2012-4386,CVE-2011-1772,CVE-2013-2134,CVE-2013-4310,CVE-2013-1965,CVE-2013-1966,CVE-2011-2088,CVE-2012-0392,CVE-2017-5638,CVE-2016-0785,CVE-2012-4387,CVE-2012-0393,CVE-2012-0838,CVE-2012-0391,CVE-2017-9805,CVE-2016-3082,CVE-2012-0394,CVE-2017-12611,CVE-2017-9804"
https://github.com/playframework/playframework,abae76961b8f84b0c86962888c6c6f57c1db0639,CVE-2020-12480
https://github.com/eclipse/vert.x,30c0bf216432183eccbd983ce2d7012ce1bbbacf,"CVE-2018-12541,CVE-2018-12537"
https://github.com/fabpot/Twig,95596ce95a0b7cd130ae9791a663005f544fcf4d,CVE-2015-7809
https://github.com/apache/logging-log4j2,2bc484c30d7ca52606ccd185584acf513417a755,"CVE-2017-5645,CVE-2021-44228,CVE-2020-9488"
https://github.com/netty/netty,5f77e4cfbd7b12fc6754fc36738b43090a8b9e2b,"CVE-2014-0193,CVE-2020-11612,CVE-2021-21290,CVE-2019-9518,CVE-2016-4970,CVE-2019-20445,CVE-2015-2156,CVE-2020-7238,CVE-2014-3488,CVE-2019-9515,CVE-2019-9512,CVE-2019-9514,CVE-2019-16869,CVE-2022-24823,CVE-2021-21409,CVE-2021-21295,CVE-2021-37137,CVE-2021-37136,CVE-2021-43797,CVE-2022-41915,CVE-2023-34462"
https://github.com/apache/tomcat,3c7e0e5fae027ae59570431e35d97468fc5c3b24,"CVE-2019-0221,CVE-2018-1304,CVE-2018-8037,CVE-2018-1336,CVE-2020-1938,CVE-2020-13935,CVE-2018-11784,CVE-2019-17563,CVE-2020-13934,CVE-2020-1935,CVE-2018-8034,CVE-2019-12418,CVE-2019-0232,CVE-2013-4286,CVE-2018-8014,CVE-2018-1305,CVE-2020-11996,CVE-2019-0199,CVE-2019-17569,CVE-2019-10072"
https://github.com/thorsten/phpMyFAQ,80f4a7c3cba9bbb0e3a6e0a5bbd062a74651a10e,"CVE-2017-15731,CVE-2017-15734,CVE-2017-15808,CVE-2017-15729,CVE-2017-14619,CVE-2017-15728,CVE-2017-15735,CVE-2017-15809,CVE-2017-15730,CVE-2017-15733"
https://github.com/jenkinsci/jenkins,7aa9647a35bc382c7f632bfac8af5a7d9cd5e6f7,"CVE-2013-0158,CVE-2014-2064,CVE-2014-2059,CVE-2014-2062,CVE-2014-2058,CVE-2018-1999046,CVE-2013-7330,CVE-2018-1999045,CVE-2014-2068,CVE-2014-2067,CVE-2014-2066,CVE-2014-2065,CVE-2014-2061,CVE-2018-1999042,CVE-2023-27898,CVE-2017-2598,CVE-2017-2609,CVE-2017-2613,CVE-2017-2610,CVE-2017-2603,CVE-2017-2600,CVE-2014-9635,CVE-2014-9634,CVE-2017-2599,CVE-2017-2602,CVE-2017-2604,CVE-2017-2612,CVE-2017-2608,CVE-2017-2601,CVE-2017-2606,CVE-2017-2611"
https://github.com/graphite-project/graphite-web,49c28e2015d605ad9ec93524f7076dd924a4731a,CVE-2017-18638
https://github.com/ImageMagick/ImageMagick,b3db47161093931228629349be84148714317c93,"CVE-2019-13295,CVE-2016-4563,CVE-2016-4564,CVE-2019-14980,CVE-2016-4562,CVE-2018-16329,CVE-2016-9298,CVE-2016-7528,CVE-2019-10131,CVE-2019-17541"
https://github.com/apache/kafka,e88c10d5952c464a0f597b295deaa51e4c9fa978,"CVE-2019-12399,CVE-2017-12610,CVE-2018-17196"
https://github.com/AsyncHttpClient/async-http-client,41b1eec767ded1c2dcf9e7c690a4b8b6e0145e83,"CVE-2013-7398,CVE-2013-7397,CVE-2017-14063"
https://github.com/apache/hbase,9f841d0ad0914bfa8d4d95f0e168eb42902552be,"CVE-2013-2193,CVE-2018-8025,CVE-2019-0212,CVE-2015-1836"
https://github.com/Kotti/Kotti,904f9b67face1dca382f35000a6a9cdb822695ac,CVE-2018-9856
https://github.com/spring-projects/spring-integration,a8376b2beebcfb67cc49feb58999dac27dc5a51b,CVE-2019-3772
https://github.com/browserify/static-eval,c682147323a1dfde9e7c01a9558f4feeb68e36cd,CVE-2017-16226
https://github.com/apache/zookeeper,aeadf574c0463e7e3db092b588033d8347989d4c,"CVE-2018-8012,CVE-2019-0201,CVE-2017-5637"
https://github.com/nov/jose-php,f515222563c08024a4d74cb090cde1b09723c24d,CVE-2016-5431
https://github.com/minio/minio,ef9b03fbf5d339c8a4c3ac49a5f602fced216f06,CVE-2018-1000538
https://github.com/pallets/jinja,220e67ae999c24e4077d7bf5bdc932757b65a338,"CVE-2014-0012,CVE-2020-28493,CVE-2019-10906,CVE-2016-10745"
https://github.com/remy/undefsafe,5d3fa3460e6716ed85dd3d41f4973fcd0896493d,CVE-2019-10795
https://github.com/apache/ignite,e8472c6b93dd3e659b34063227ad6e623a97f717,"CVE-2016-6805,CVE-2018-1295,CVE-2020-1963,CVE-2018-8018"
https://github.com/jenkinsci/blueocean-plugin,019b66765d8d3d00fb4bdeac23dd2d26936e7ec0,"CVE-2019-1003012,CVE-2019-1003013"
https://github.com/eclipse/jetty.project,c778d359f4e90353cfee5d8bcda0921d9bc07ea5,"CVE-2016-4800,CVE-2019-10247,CVE-2017-7656,CVE-2017-7658,CVE-2015-2080,CVE-2022-2191,CVE-2019-10241,CVE-2017-7657,CVE-2018-12536,CVE-2017-9735,CVE-2019-10246,CVE-2019-17638,CVE-2018-12538,CVE-2019-17632"
https://github.com/apache/brooklyn-server,e2a8e0f8a2051644d1dff44b4f3a42fe944e5f80,CVE-2016-8744
https://github.com/urllib3/urllib3,98634f7a5a0f39029a21e9f49e9066a8f99a1515,"CVE-2020-7212,CVE-2019-11236,CVE-2019-11324,CVE-2019-9740,CVE-2020-26137"
https://github.com/felixrieseberg/windows-build-tools,c6c8c6a1f2f970c3dbd7288a87330cd96042166a,CVE-2017-16003
https://github.com/labd/wagtail-2fa,d62fc818ba851fa94f86e76b12f847f1e09d5848,CVE-2019-16766
https://github.com/Legrandin/pycrypto,2d1aecd731f91f7367ef2a4069d305e2a1b488c0,CVE-2012-2417
https://github.com/elastic/elasticsearch,01f59f00f86d7468b857f40cd860f95dec958c19,"CVE-2020-7009,CVE-2015-5531,CVE-2020-7019,CVE-2015-4165,CVE-2015-1427,CVE-2019-7619,CVE-2021-22144,CVE-2015-5377,CVE-2021-22137,CVE-2021-22135"
https://github.com/spring-projects/spring-webflow,da2815556e3795eec075f248e3dd68d582d9b350,"CVE-2017-4971,CVE-2017-8039"
https://github.com/spring-projects/spring-amqp,73fbccb518f7520c2b3f22edc48df634b7a64fd0,"CVE-2017-8045,CVE-2018-11087,CVE-2016-2173"
https://github.com/paramiko/paramiko,ed8b09751ff20340332d4b1bb2b10e32aedc57ff,"CVE-2018-7750,CVE-2018-1000805"
https://github.com/hibernate/hibernate-validator,4b8969ca22bc6df00173994168a31f57c88249b8,"CVE-2014-3558,CVE-2017-7536,CVE-2019-10219"
https://github.com/pycrypto/pycrypto,65b43bd4ffe2a48bdedae986b1a291f5a2cc7df7,"CVE-2013-1445,CVE-2013-7459"
https://github.com/apache/cxf,961cae16ac2c15514f0047c7890bffb06f51dd95,"CVE-2014-0110,CVE-2017-5653,CVE-2014-0109,CVE-2014-3584,CVE-2019-12406,CVE-2017-12624,CVE-2019-12423,CVE-2020-1954,CVE-2017-3156,CVE-2019-17573,CVE-2019-12419,CVE-2018-8039"
https://github.com/FasterXML/jackson-databind,099481bf725afd11dfd4f3c23eed9465fa3391da,"CVE-2018-14720,CVE-2020-9548,CVE-2018-14718,CVE-2019-12384,CVE-2020-11619,CVE-2018-19361,CVE-2018-12022,CVE-2018-19362,CVE-2017-17485,CVE-2020-9546,CVE-2018-7489,CVE-2020-11620,CVE-2020-24616,CVE-2018-5968,CVE-2019-14439,CVE-2018-11307,CVE-2019-20330,CVE-2020-14195,CVE-2018-12023,CVE-2018-14719,CVE-2017-7525,CVE-2020-24750,CVE-2019-16943,CVE-2017-15095,CVE-2020-9547,CVE-2020-11111,CVE-2020-10969,CVE-2020-10650,CVE-2020-10968,CVE-2020-11112,CVE-2020-10672,CVE-2019-16942,CVE-2019-17531,CVE-2019-14379,CVE-2018-14721,CVE-2020-14061,CVE-2019-12814,CVE-2019-17267,CVE-2019-14892,CVE-2019-14540,CVE-2020-14062,CVE-2018-19360,CVE-2020-14060,CVE-2019-12086,CVE-2019-14893,CVE-2020-11113,CVE-2019-16335,CVE-2020-8840,CVE-2022-42004,CVE-2022-42003"
https://github.com/apache/tomee,dcef42b5033aa60265be23d0aa9ed0e535503ffd,"CVE-2020-11969,CVE-2015-8581"
https://github.com/ruby-grape/grape,14d9f9d86f7dc047912ca21adcbe05bb5605d4de,CVE-2018-3769
https://github.com/numpy/numpy,2a7a0d099eee91730f99f17183a1444db99c790a,"CVE-2017-12852,CVE-2014-1858"
https://github.com/vert-x3/vertx-web,f370d75b70f5e9cedcfb4d665766fdf086a0e5c5,"CVE-2018-12540,CVE-2018-12544,CVE-2018-12542,CVE-2023-24815"
https://github.com/jtdowney/private_address_check,31f93cbc5deec92321c5751afe344a76c042dc13,"CVE-2017-0904,CVE-2018-3759"
https://github.com/apache/orc,467a293bdc8b78a6392bd097cd593bbc2224fdae,CVE-2018-8015
https://github.com/zhumengyuan/kallithea,011af67ba463e4adc3771ded80fc2558e3707c86,CVE-2015-0276
https://github.com/auth0/node-jsonwebtoken,bc28861f1fa981ed9c009e29c044a19760a0b128,CVE-2015-9235
https://github.com/Wechat-Group/WxJava,3e1a38a69689a747aed22eec17f12a29e241af36,"CVE-2019-5312,CVE-2018-20318"
https://github.com/python-hyper/hpack,056200090577c72978257476e8776afab88595a8,CVE-2016-6581
https://github.com/apache/hadoop,d491f0baf684e7d838e8ba291a82cd10c008e5f6,"CVE-2014-0229,CVE-2017-3166,CVE-2015-1776,CVE-2017-7669,CVE-2016-5001,CVE-2018-11765,CVE-2018-11768,CVE-2018-8009"
https://github.com/jgraph/mxgraph,ff141aab158417bd866e2dfebd06c61d40773cd2,CVE-2019-13127
https://github.com/mafintosh/is-my-json-valid,58d30cbf99a22d8a3ff36771bc8e588e68f3847e,CVE-2016-2537
https://github.com/TooTallNate/Java-WebSocket,8c5766a293c2dd3e0d035c0e0d70f88f57235fa8,CVE-2020-11050
https://github.com/yahoo/elide,7a7ab677b57136fbde6fb76829f341c868bf5154,CVE-2020-5289
https://github.com/hibernate/hibernate-orm,7628bd20aad3ed5d94dcf0610fb69848906a8ca1,CVE-2020-25638
https://github.com/DataTables/DataTablesSrc,d558328106bef2d48dfc4cf78581dd106f5c1077,CVE-2015-6584
https://github.com/dogtagpki/pki,c8a9e68c0ab3aeef954c5e48005883e65f8b76f6,"CVE-2020-15720,CVE-2017-7537"
https://github.com/DSpace/DSpace,01bba8018fcd878a591c5d67533bbe3890e2da79,"CVE-2016-10726,CVE-2022-31195,CVE-2022-31194,CVE-2022-31193,CVE-2022-31192,CVE-2022-31189,CVE-2021-41189"
https://github.com/simpleledger/slp-validate.js,5308d9471901b9cc78fe4e5aa1b4c8db519a19ad,CVE-2019-16761
https://github.com/firefly-iii/firefly-iii,25b7a76da9ef1b8982f8bd3cf4771d75c0ba7fea,"CVE-2019-14668,CVE-2019-14672,CVE-2019-14669,CVE-2019-14671"
https://github.com/spring-projects/spring-data-jpa,936bb31f3a3b0e2506b017c1b04eee3e7d00443a,"CVE-2019-3797,CVE-2016-6652,CVE-2019-3802"
https://github.com/apache/archiva,2beaf864901abb337b263662800b3373326bcfd4,"CVE-2019-0214,CVE-2019-0213"
https://github.com/spring-projects/spring-security-oauth,0344de8cc75055742f638b1e476a646a6f5891d9,"CVE-2019-3778,CVE-2018-15758,CVE-2019-10202,CVE-2018-1260"
https://github.com/spring-projects/spring-framework,88ce11abc82fddd68a87d06a5be4aabad4303a0b,"CVE-2014-0225,CVE-2018-11040,CVE-2018-1270,CVE-2013-6429,CVE-2020-5398,CVE-2018-11039,CVE-2015-3192,CVE-2014-3578,CVE-2020-5397,CVE-2014-0054,CVE-2016-5007,CVE-2014-3625,CVE-2018-1257,CVE-2013-4152,CVE-2015-0201,CVE-2018-1271,CVE-2014-1904,CVE-2018-1275,CVE-2013-7315,CVE-2013-6430,CVE-2023-20860,CVE-2023-20861,CVE-2022-22950,CVE-2022-22968"
https://github.com/SmartBear/soapui,53491edbebab603c9c13cb60e2571e8ae5fb0f1b,"CVE-2014-1202,CVE-2018-20580"
https://github.com/opennetworkinglab/onos,dd5172e5a6e1ba5c7e17e2f497aa8c27a1ed33e9,"CVE-2018-1999020,CVE-2018-1000616,CVE-2018-1000614,CVE-2018-12691,CVE-2019-1010245"
https://github.com/hapijs/hapi,76e6cfeb4d6a4f7d5b945f9c50ac8e12b84e32a5,"CVE-2015-9241,CVE-2017-16013"
https://github.com/bcgit/bc-java,2f4d33d57797dcc3fe9bd4ecb07ee0557ff58185,"CVE-2016-1000338,CVE-2016-1000344,CVE-2016-1000346,CVE-2016-1000352,CVE-2018-1000180,CVE-2018-5382,CVE-2016-1000343,CVE-2015-6644,CVE-2017-13098,CVE-2016-1000341,CVE-2018-1000613,CVE-2016-1000345,CVE-2016-1000339,CVE-2016-1000342,CVE-2016-1000340,CVE-2020-26939,CVE-2023-33201"
https://github.com/eiskalteschatten/compile-sass,5320450ecf1c1f553c2e42bdaae821a93ebf1ef9,CVE-2019-10799
https://github.com/kiegroup/droolsjbpm-integration,c9c00f8b3aec4208ae94193b2af4c023e64bc414,CVE-2016-7043
https://github.com/ronf/asyncssh,71f9b8ad9b492257983359191f95bce4c2c53e38,CVE-2018-7749
https://github.com/codecov/codecov-node,7c698b77e3b04abc24a8bbf2e0606d6f77cdba21,CVE-2020-7597
https://github.com/apache/jspwiki,f532523338b5a0dbba02649fa33f25569e36fd74,"CVE-2019-10077,CVE-2019-10087,CVE-2019-10078,CVE-2019-0224"
https://github.com/apache/karaf,a021c6b4c22a0678b82cdf18ae2567e64b8add1c,"CVE-2019-0226,CVE-2018-11786,CVE-2018-11787,CVE-2019-0191,CVE-2020-11980,CVE-2018-11788"
https://github.com/matrix-org/synapse,be65a8ec0195955c15fdb179c9158b187638e39a,"CVE-2019-18835,CVE-2021-21274"
https://github.com/geopython/pycsw,dd17c581c154dba784c31a71d5aeee77336feeb6,CVE-2016-8640
https://github.com/diegohaz/bodymen,3717b16c91462b33240e5500b206acf0644c7ece,CVE-2019-10792
https://github.com/openssl/openssl,a198caa5e34a2003f83b5cd4419f864da55eb0a5,CVE-2014-0160
https://android.googlesource.com/platform/packages/apps/Exchange,8b32d80125a962d5815acdec7cb3bd0c25e5d88b,CVE-2016-2415
https://github.com/puiterwijk/flask-oidc,447c1d8b40ef79cec9cdc7bb31da8353f0e687d9,CVE-2016-1000001
https://github.com/Dolibarr/dolibarr,97c2d3dc58ddb4c4a9ad84abf6c99bc694906a3a,"CVE-2018-10092,CVE-2018-19993,CVE-2018-19994,CVE-2018-13449,CVE-2018-10095,CVE-2018-13447,CVE-2018-13450,CVE-2018-13448,CVE-2018-19992,CVE-2018-10094"
https://github.com/blogifierdotnet/Blogifier,2d8fd528e6d4175e76ff79498a9ff9c5bb078290,CVE-2019-12277
https://github.com/apache/camel,0e597b55c7af0701fd4ef517c157eaa108300b74,"CVE-2016-8749,CVE-2020-11971,CVE-2015-5348,CVE-2020-11973,CVE-2018-8027,CVE-2018-8041,CVE-2015-5344,CVE-2017-5643,CVE-2020-11972,CVE-2019-0194,CVE-2017-3159,CVE-2023-34442,CVE-2014-0002,CVE-2014-0003,CVE-2013-4330"
https://github.com/openstack/python-keystoneclient,18b5f4222482196f9c81a69db295d33041212c8b,CVE-2013-2013
https://github.com/pyca/cryptography,c3aac1fad241e334e26c36c899a5779a866679af,"CVE-2018-10903,CVE-2020-25659,CVE-2016-9243,CVE-2020-36242"
https://github.com/traccar/traccar,263f63e106c2e4985f5d64208742c3c2c057abbb,"CVE-2021-21292,CVE-2019-5748"
https://github.com/apache/tapestry-5,b685f89773daf0eb62066a1a56b47bd3b0a0143d,"CVE-2019-0207,CVE-2019-10071,CVE-2014-1972,CVE-2022-31781"
https://github.com/pallets/werkzeug,99fc293bc7dccd6a7dc96b96012d4aa849794ba4,"CVE-2016-10516,CVE-2019-14806,CVE-2020-28724"
https://github.com/facebookarchive/nuclide,2a2a0a642d136768b7d2a6d35a652dc5fb77d70a,CVE-2018-6333
https://github.com/jnunemaker/crack,d96b63dd7ba7cd621e40b4640cb953b0937b7680,CVE-2013-1800
https://github.com/socketio/engine.io-client,e567b057db63b3afa99bcd8bd9f4e527cdad8175,CVE-2016-10536
https://github.com/apereo/cas,88c1de263b1c97ef28ae5cade7d854cff12d6ebe,"CVE-2019-10754,CVE-2020-7226"
https://github.com/django/django,8c279113864c31cef539c6384a683e6ed832adca,"CVE-2018-16984,CVE-2018-14574,CVE-2019-6975,CVE-2017-7233,CVE-2018-6188"
https://github.com/hapijs/crumb,ce7c7afab6b8575178d32497ff6c683f18ade92a,CVE-2014-7193
https://github.com/reactor/reactor-netty,86f1bb9e39923255b18e99f62ed55083c57d8472,"CVE-2019-11284,CVE-2020-5403,CVE-2020-5404"
https://github.com/apache/commons-beanutils,392624cecea8456bc7f2fc6431aea6a2e47d0bc0,"CVE-2014-0114,CVE-2019-10086"
https://github.com/apache/cordova-plugin-file-transfer,24e2e9911adba402144cae17c45d99ffcc4c51ff,"CVE-2014-0072,CVE-2015-5204"
https://github.com/eclipse/che,0419a354590fe0e09e3bcc40d206818d68b2f27b,CVE-2019-17633
https://github.com/droolsjbpm/drools,04252c0a21c69612953ac9d27c6004c4538e02c2,CVE-2014-8125
https://github.com/spring-projects/spring-security,b7909a56c5d5e6b250c8a3d1ab346fe6fddeff44,"CVE-2014-0097,CVE-2020-5407,CVE-2016-9879,CVE-2014-3527,CVE-2020-5408,CVE-2017-4995,CVE-2018-1258"
https://github.com/eclipse/vorto,81a4ea4f86e13dd8972eb2b37419d582edf16d12,CVE-2019-10248
https://github.com/apache/cxf-fediz,1889b2a5eccb8e0eb3a84109728370c09d357c08,"CVE-2017-12631,CVE-2015-5175,CVE-2018-8038,CVE-2017-7662,CVE-2017-7661,CVE-2016-4464"
https://github.com/golang/gddo,20d68f94ee1f7547de2b1c68627253df20c8d45e,CVE-2018-12976
https://github.com/tlsfuzzer/tlslite-ng,6805bcb8e6afb0d22b2f5b24e97ba21c525d4d69,"CVE-2020-26263,CVE-2018-1000159"
https://github.com/ibmdb/node-ibm_db,46cb21c6dba66f4797e36995ee699e6352abc3a8,CVE-2016-10577
https://github.com/OWASP/json-sanitizer,fc612ab374de73d03864d56fb87b6a103b234489,"CVE-2020-13973,CVE-2021-23900,CVE-2021-23899"
https://github.com/apache/storm,7fef7cd0c661b7f84218c24a471ff67f8d8116a4,"CVE-2018-1331,CVE-2018-8008"
https://github.com/npm/fstream,bffea43c6a201c76bc85842539e09a779508790b,CVE-2019-13173
https://github.com/apache/qpid-broker-j,664b73c2d9571382502f3787706177723f6617ec,"CVE-2018-8030,CVE-2018-1298,CVE-2019-0200"
https://github.com/spring-projects/spring-batch,d7f1c1d79f9fc28b571dd97ebcd53fa79cce28a5,"CVE-2019-3774,CVE-2020-5411"
https://github.com/golang/crypto,ebc8e463153182e44695bfc4e4ae8cfdc00aa86d,"CVE-2017-3204,CVE-2020-9283"
https://github.com/apache/deltaspike,355af59d93bf40bd498054f1d598a360c10bb40b,CVE-2019-12416
https://github.com/rails/rails-html-sanitizer,ba7a2840c4989f026387416556b5f6a8bb3b9c58,CVE-2018-3741
https://github.com/Legrandin/pycryptodome,cde63f8f9b64f1c8cd86249128cfd5986c2c43af,CVE-2018-15560
https://github.com/isaacs/minimatch,0569cd3373408f9d701d3aab187b3f43a24a0db7,CVE-2016-10540
https://github.com/vercel/serve,dd5393882e25caae9793dad614270383ae41eb80,CVE-2018-3712
https://github.com/Froxlor/Froxlor,f8c8f1c333d85d7dd92a896c5ffd7f5d6687bbf0,CVE-2020-10236
https://github.com/wso2/carbon-governance,19ab526014b64b0d32f0794474999b12aec6f47a,CVE-2020-13883
https://github.com/facebook/buck,9c7c421e49f4d92d67321f18c6d1cd90974c77c4,CVE-2018-6331
https://github.com/eclipse/mosquitto,8d1462cd0b34bf2732dbb3c23907f935aa5943a2,CVE-2017-7654
https://github.com/ansible/ansible,75f7b2267d10c3ec23de7734613a5f0f1fcc38e0,"CVE-2020-1734,CVE-2019-14864,CVE-2017-7481,CVE-2020-14365,CVE-2018-16859,CVE-2014-4657,CVE-2014-3498"
https://github.com/python-pillow/Pillow,3c71559804e661a5f727e2007a5be51f26d9af27,"CVE-2014-1932,CVE-2019-19911"
https://github.com/kawasima/struts1-forever,2040002f7c32942db4575ce6b30e075d352a94aa,"CVE-2016-1181,CVE-2016-1182"
https://github.com/uNetworking/uWebSockets,c8da12b537516489b2e01dacf4d836b5bc74e826,CVE-2016-10544
https://github.com/JPCERTCC/LogonTracer,b814fef899e9057af54f2f551d7e7cd6988fb488,"CVE-2018-16167,CVE-2018-16168,CVE-2018-16166,CVE-2018-16165"
https://github.com/apache/portals-pluto,518f3fb9fd6d3c79518c3bce8130c186906dfc5b,CVE-2018-1306
https://github.com/jupyterhub/oauthenticator,ba6819eedecb9676eb5093054e91de1ddd5db4e4,CVE-2020-26250
https://github.com/mozilla/bleach,06f0f76cc68112bda3fa101d1730d5ba914d54a1,CVE-2018-7753
https://github.com/pimcore/pimcore,30e2ae026b2e277456350b301d1dcb0890e57fdb,"CVE-2019-18981,CVE-2019-16318,CVE-2019-10867,CVE-2019-18985,CVE-2019-18982,CVE-2019-16317,CVE-2019-18656,CVE-2019-18986"
https://github.com/apache/qpid-jms-amqp-0-x,350f6017d5e7d3658be67011cdbcd2f318148ea8,CVE-2016-4974
https://github.com/knockout/knockout,45e86bf0347cf742ca359bab051ea82fdfae7a5d,CVE-2019-14862
https://github.com/html5lib/html5lib-python,fd4f032bc090d44fb11a84b352dad7cbee0a4745,"CVE-2016-9910,CVE-2016-9909"
https://github.com/sinatra/sinatra,91cfb548c9e50a65324a9ce9e4ea5f10cd897027,CVE-2018-1000119
https://github.com/sqlalchemy/sqlalchemy,15f551f250ba689fb12fb3d01275d452d4b815fc,"CVE-2019-7164,CVE-2019-7548"
https://github.com/svenfuchs/safemode,e3f6bc0cf8195fe320acf8b2ace9905586f79ea7,"CVE-2017-7540,CVE-2016-3693"
https://github.com/apache/cassandra,65b901120aa6ab3a7447240535218bda62cc87ad,"CVE-2015-0225,CVE-2020-13946,CVE-2023-30601"
https://github.com/pippo-java/pippo,6bb5d3e4d1cef3bd8f5d912817a7a78d973d8ffd,"CVE-2018-20059,CVE-2018-18628"
https://github.com/apache/xmlgraphics-commons,2fe6b9b2dc4522babcc92d43ed9c53cb048b7f09,CVE-2020-11988
https://github.com/jupyter/notebook,1d9dbd31f8f5125e104d0560fecf1742de1097ee,"CVE-2018-19351,CVE-2019-10255,CVE-2019-10856"
https://github.com/github/hub,5c547ed804368763064e51f3990851e267e88edd,CVE-2014-0177
https://github.com/walmartlabs/concord,402245261c0a2bfcba98c5dac9f45bd327e3e105,CVE-2020-10591
https://github.com/wildfly/wildfly,2543ebe08f6955fbc1ecf43ac31defdb3e2f11b6,"CVE-2018-14627,CVE-2021-3503"
https://github.com/warner/python-ecdsa,2a6593d840ad153a16ebdd4f9b772b290494f3e3,CVE-2019-14859
https://github.com/dropwizard/dropwizard,69311f97d17299c350a4c1eeb1a2f58e97363696,"CVE-2020-11002,CVE-2020-5245"
https://github.com/xwiki/xwiki-platform,e3cf7929ca1cfee59ecab8927a321988bbbab7e2,"CVE-2020-13654,CVE-2020-11057,CVE-2023-27480,CVE-2023-27479,CVE-2023-26056,CVE-2023-26476,CVE-2023-26475,CVE-2023-26472,CVE-2023-26471,CVE-2023-26470,CVE-2023-26480,CVE-2023-26479,CVE-2023-26477,CVE-2023-29525,CVE-2023-29523,CVE-2023-29521,CVE-2023-29519,CVE-2023-29516,CVE-2023-29515,CVE-2023-29514,CVE-2023-29512,CVE-2023-29510,CVE-2023-29213,CVE-2023-29511,CVE-2023-29509,CVE-2023-30537,CVE-2023-29214,CVE-2023-29212,CVE-2023-29211,CVE-2023-29507,CVE-2023-29506,CVE-2023-29210,CVE-2023-29209,CVE-2023-29208,CVE-2023-29207,CVE-2023-29206,CVE-2023-29204,CVE-2023-29202,CVE-2023-32068,CVE-2023-32069,CVE-2022-23622,CVE-2022-23621,CVE-2022-23620,CVE-2022-23618,CVE-2022-23617,CVE-2022-23615,CVE-2021-43841,CVE-2022-29258,CVE-2022-29253,CVE-2022-29252,CVE-2022-29251,CVE-2022-29161,CVE-2022-36100,CVE-2022-36096,CVE-2022-36099,CVE-2022-36098,CVE-2022-36095,CVE-2022-36094,CVE-2022-36093,CVE-2022-36092,CVE-2022-36090,CVE-2022-41935,CVE-2022-41934,CVE-2022-41931,CVE-2022-41930,CVE-2022-41929,CVE-2022-41927,CVE-2022-41937,CVE-2022-41936,CVE-2021-32620,CVE-2021-32621,CVE-2021-32731,CVE-2021-32730,CVE-2022-23619,CVE-2022-36097,CVE-2022-41933,CVE-2023-29522,CVE-2023-29518,CVE-2023-32071,CVE-2023-36477,CVE-2023-36469,CVE-2023-36470,CVE-2023-36468,CVE-2023-35161,CVE-2023-35160,CVE-2023-35157,CVE-2023-35159,CVE-2023-35158,CVE-2023-35162,CVE-2023-35156,CVE-2023-35153,CVE-2023-35151,CVE-2023-35150,CVE-2023-35152,CVE-2023-34465,CVE-2023-34464,CVE-2023-35166,CVE-2023-37462,CVE-2023-37277,CVE-2023-40572,CVE-2023-40573,CVE-2023-40177,CVE-2023-40176,CVE-2023-37914,CVE-2023-41046,CVE-2023-45137,CVE-2023-45136,CVE-2023-45134,CVE-2023-45135,CVE-2023-37909,CVE-2023-37910,CVE-2023-37911,CVE-2023-37913,CVE-2023-48241,CVE-2023-48240,CVE-2023-46243,CVE-2023-46244,CVE-2023-46242,CVE-2023-46732,CVE-2023-46731"
https://github.com/mathjax/MathJax,b6922e564070d20888f680a289381702a266718f,CVE-2018-1999024
https://github.com/TAXIIProject/libtaxii,41f413357f4aaaaf99e37152558bb7464dbf5768,CVE-2020-27197
https://github.com/jenkinsci/ec2-plugin,ccb5a56f62e69328ddcc2f0eb855e0be552d4fd8,"CVE-2019-10364,CVE-2017-1000502"
https://github.com/wildfly/wildfly-core,f68c877e98cb7b2ad9751a858a848c62f88e69e2,"CVE-2020-25689,CVE-2018-10862,CVE-2019-14838,CVE-2021-3644"
https://github.com/omphalos/crud-file-server,1f962b143becc8085bc6ba01e258ff17fe689ecf,"CVE-2018-3733,CVE-2018-3726"
https://github.com/rhalff/dot-object,a95a7fc88c55a82bae785c0dd1791d5e40156957,CVE-2019-10793
https://github.com/apache/ranger,39805972b9578b324d567433762b8e2745718cac,CVE-2016-2174
https://github.com/tada/pljava,e88bb7b10d73ab92a67842100f34f006343e83b3,"CVE-2016-2192,CVE-2016-0768"
https://github.com/apache/xerces2-j,cf0c517a41b31b0242b96ab1af9627a3ab07fcd2,"CVE-2013-4002,CVE-2012-0881"
https://github.com/beobal/cassandra,7a888149dff4afaea8753571097bd8bca6a4fbfd,CVE-2018-8016
https://github.com/gollum/grit_adapter,4a2979f146caa0434455703916236958eff4bcb8,CVE-2014-9489
https://github.com/mycolorway/simditor,3d318c01e4b5a78c70f219959be2b5653c6eb78d,CVE-2018-19048
https://github.com/shopizer-ecommerce/shopizer,6a4a0a65a3408ee8f62597b51d1b3aac24b77dee,"CVE-2020-11006,CVE-2020-11007,CVE-2022-23059,CVE-2022-23061,CVE-2021-33562,CVE-2021-33561"
https://github.com/pediapress/mwlib,c4c5eb9ba69d0a9ab15098ee253cf60a02b675d7,CVE-2012-1109
https://github.com/phusion/passenger,b8e4637cac00dcf5d869b0677780e781ebe599ed,"CVE-2016-10345,CVE-2018-12615"
https://github.com/mitreid-connect/OpenID-Connect-Java-Spring-Server,d074573de0c8b8e339add89a17a2bd000a1c6378,CVE-2021-27582
https://github.com/buildbot/buildbot,a88ef5c66dd738b43a5ae569c097aa970e90d3b9,CVE-2019-7313
https://github.com/lingochamp/FileDownloader,6237a8cac174bcc916e4342b14ab1ab72a5768d4,CVE-2018-11248
https://github.com/marshmallow-code/marshmallow,7266de0c42e26c521801b7c01417d1f738e8a314,CVE-2018-17175
https://github.com/BigBadaboom/androidsvg,27030ac2a04623d3c44d4b66ac4622dd4be6e7ea,CVE-2017-1000498
https://github.com/paseto-toolkit/jpaseto,9e7d1d8802c29f1e73094d4cbb55d54d91d04864,CVE-2020-10244
https://github.com/JetBrains/MPS,c0e6e0c3ee9894a0ca6940e5d3e63e808afd7d84,CVE-2019-18362
https://github.com/yahoo/serialize-javascript,79ac5da98ecdb5fbc20912a2d3ba5cd34949e0e9,CVE-2019-16769
https://github.com/nilsteampassnet/teampass,5a3ed513f5d3da16741e793226e9ed6e5bb3a35f,"CVE-2017-15054,CVE-2017-15053,CVE-2017-15055,CVE-2017-15052,CVE-2017-15051"
https://github.com/corydolphin/flask-cors,35d875319621bd129a38b2b823abf4a2f6cda536,CVE-2020-25032
https://github.com/apache/spark,085645f8bba4821f0a4b03967707b7ab3f9b8fca,"CVE-2017-12612,CVE-2020-9480"
https://github.com/apache/olingo-odata4,20b0d7a2c0134d00cd86ef42545bf4af9b254d32,"CVE-2019-17555,CVE-2020-1925,CVE-2019-17556,CVE-2019-17554"
https://github.com/ierror/django-js-reverse,3d3dfc632a019697790fcb3b3cd6235fd0295bb6,CVE-2019-15486
https://github.com/keycloak/keycloak,a065e43009e158cdb27582a13e43536f4a0410cc,"CVE-2019-14837,CVE-2020-10686,CVE-2017-12159,CVE-2018-14637,CVE-2020-1744,CVE-2020-1758,CVE-2018-14658,CVE-2020-1697,CVE-2020-1698,CVE-2019-3875,CVE-2020-1727,CVE-2016-8629,CVE-2022-3782,CVE-2022-1274,CVE-2021-3461,CVE-2022-1245,CVE-2021-3856,CVE-2020-35509,CVE-2021-20222,CVE-2020-27838,CVE-2021-20195,CVE-2021-20202,CVE-2020-10758,CVE-2019-14832,CVE-2019-14909,CVE-2021-4133,CVE-2021-3632,CVE-2021-3827,CVE-2022-4361,CVE-2023-0264,CVE-2022-4137,CVE-2023-2422"
https://github.com/ratpack/ratpack,cc0e5a87474154cdab9b86397cb72f2ede39757b,"CVE-2019-11808,CVE-2019-17513,CVE-2019-10770"
https://github.com/theupdateframework/tuf,6fc2a3c275ce9911984e8d17578aeec51b506683,"CVE-2020-6174,CVE-2020-15163"
https://github.com/IdentityPython/pysaml2,0252ec96058c87c43f89e05d978e72b6ba2e6978,"CVE-2021-21239,CVE-2021-21238"
https://github.com/phpmyadmin/phpmyadmin,426dddc0bebfce925edf8b8dd56f625709ca20c1,"CVE-2018-10188,CVE-2019-6798,CVE-2019-12616,CVE-2019-11768,CVE-2019-18622"
https://github.com/jooby-project/jooby,d1087d614c1f5233d653b118867fd9e7b825c3fb,"CVE-2020-7622,CVE-2019-15477,CVE-2020-7647"
https://github.com/02strich/pykerberos,17aeaef915e197a371eb49a4f9b6b812d4ab36d7,CVE-2015-3206
https://github.com/kiegroup/kie-wb-distributions,409a64ea7565aad274f87107e12c6593ef7cd432,CVE-2014-8115
https://github.com/Bedework/bw-webdav,743e04cbd307a76a9b00d70f2f91753d683a2c43,CVE-2018-20000
https://github.com/jenkinsci/subversion-plugin,b684d6d3ce9febfb8124e682b86842c1167af373,CVE-2013-6372
https://github.com/pyca/pyopenssl,62a0f5041e6a7e8c0f01b6421b4e95c6daca5f99,"CVE-2018-1000808,CVE-2018-1000807"
https://github.com/apragacz/django-rest-registration,08426d71b919cf126dcc3acb47720fe1f3e9be15,CVE-2019-13177
https://github.com/requests/requests,c65c780849563c891f35ffc98d3198b71011c012,"CVE-2018-18074,CVE-2015-2296"
https://github.com/twisted/twisted,836d60bf358859751ed3f8c8b9514d3ca761a867,"CVE-2020-10108,CVE-2019-12387"
https://github.com/pillarjs/send,b98e1c1f0a5c5143862432ba621f7b008914fc2a,CVE-2014-6394
https://github.com/blackducksoftware/hub-rest-api-python,47cab2e8bfbfe3f8a817ba1d7a15b1d243dd239b,CVE-2020-27589
https://github.com/zeromq/zeromq4-x,267699b1ce7791bb360a794b9230b21676129612,CVE-2014-9721
https://github.com/rabbitmq/rabbitmq-jms-client,5a3bf079f3762232e1f4923a11538404c863d958,CVE-2020-36282
https://github.com/cyu/rack-cors,f73bcd39b91c19ffa3d059dccc5d6ae62f24340a,CVE-2017-11173
https://github.com/open-iscsi/targetcli-fb,ec7f392196d1100ea48fa1fc93cedbb4b44109c3,CVE-2020-13867
https://github.com/Stranger6667/pyanyapi,1e852ac86fd4ba0b997dea7427ffefa56349daf3,CVE-2017-16616
https://github.com/moinwiki/moin-1.9,8fa67f1a18276be25f50b5cdb886893ecb55a679,"CVE-2020-15275,CVE-2017-5934"
https://github.com/Bcfg2/bcfg2,8f1f9b9a490c59638192bae41007a788c977b3f9,CVE-2012-3366
https://github.com/swagger-api/swagger-parser,016bb155a22e57edb29fe7feacaa7fa1d587405c,CVE-2017-1000208
https://github.com/pgjdbc/pgjdbc,2de9b943c693c745ea9280444d72b408165caa11,"CVE-2018-10936,CVE-2020-13692,CVE-2022-41946,CVE-2022-21724,CVE-2022-26520,CVE-2022-31197"
https://github.com/facebook/fbthrift,2f5415eed3a4981b5b1535a504a76b9309834a90,"CVE-2019-3559,CVE-2019-3564,CVE-2019-11938,CVE-2019-3558"
https://github.com/belaban/JGroups,f1965136b386a1e0c5e30078288f2fef17e8bae3,CVE-2016-2141
https://github.com/FFmpeg/FFmpeg,f1b3e519501f14dd268a5e20afae4bfbf5b137db,"CVE-2015-6826,CVE-2011-2161"
https://github.com/gogs/gogs,4d6a0ebaac2c634180016988d28d9d2df34474e0,"CVE-2014-8682,CVE-2014-8681,CVE-2018-15178"
https://github.com/umlet/umlet,9c8cde8a07a49bb7698e82f2c603e8230ca17362,CVE-2018-1000548
https://github.com/apache/cordova-plugin-inappbrowser,e2d8429092b5d121745911530091fe9eb1f27c43,CVE-2014-0073
https://github.com/wso2/transport-http,b47ee589352677a1afe1685e3f0ff90b98c8fb87,CVE-2019-10797
https://github.com/mde/ejs,cd6817e429c4b1ab40059955968f7ba4b8be64eb,"CVE-2017-1000189,CVE-2017-1000228,CVE-2017-1000188"
https://github.com/joestump/python-oauth2,b94f69b1ad195513547924e380d9265133e995fa,CVE-2013-4347
https://github.com/apache/ambari,c25cca84bb850fd814e8abff2d2471379cf30b73,"CVE-2015-1775,CVE-2016-0731,CVE-2022-42009,CVE-2022-45855"
https://github.com/spring-cloud/spring-cloud-config,a0342516fa4b2102f3c305143b92d707028a575a,"CVE-2020-5410,CVE-2020-5405,CVE-2019-3799"
https://github.com/skoranga/node-dns-sync,2b8735816644145523e0619c58d59d557227da84,CVE-2014-9682
https://github.com/lkiesow/python-feedgen,97260abb1793eb164c458c10b493690beb413f6d,CVE-2020-5227
https://github.com/jupyter-server/jupyter_server,4ee6e1ddc058f87b2c5699cd6b9caf780a013044,"CVE-2020-26232,CVE-2020-26275"
https://github.com/martinpitt/python-dbusmock,da50054998ef43e126c6d1f2ae09ff5a5f54ef8b,CVE-2015-1326
https://github.com/eclipse-ee4j/mojarra,32a46826a6f7f51a7efd636e9cf88f6771e74e95,"CVE-2018-14371,CVE-2019-17091,CVE-2020-6950"
https://android.googlesource.com/platform/frameworks/opt/telephony,307806916047d68377ff74674f95ca499243e068,CVE-2016-0831
https://github.com/saltstack/salt,ead1ff01ad3775e5c51589c3ccccc1f2c51a0afb,"CVE-2020-17490,CVE-2015-8034,CVE-2015-1839,CVE-2017-12791,CVE-2015-1838,CVE-2017-8109,CVE-2017-7893,CVE-2020-25592"
https://github.com/ESAPI/esapi-java-legacy,e2183d6170a250ad97289e4090e3faeec1eecadf,CVE-2013-5679
https://github.com/perwendel/spark,1973e402f5d4c1442ad34a1d38ed0758079f7773,"CVE-2016-9177,CVE-2018-9159"
https://github.com/containerbuildsystem/osbs-client,eda77aa1da23ac97e0f4827e3bddceb9ac37ab60,CVE-2019-10135
https://github.com/jenkinsci/electricflow-plugin,d5848789ee3e1e118f1587a797da4a8e78f7de6f,CVE-2019-10333
https://github.com/dom4j/dom4j,4d735ba97bf8e59dee4ab7a4959523b012beda01,"CVE-2018-1000632,CVE-2020-10683"
https://github.com/lepture/mistune,e8d0a030ce2dd8e7a034fcf61c5f6a29ff677fdf,CVE-2017-16876
https://github.com/apache/syncope,17c4617548afedcbe0622c4bafde1ec58ccd46ac,"CVE-2018-17184,CVE-2018-17186,CVE-2018-1321,CVE-2020-1961,CVE-2018-1322"
https://github.com/apache/beam,9eb7b988d23c4e741480886c520a6b846dcedbdd,CVE-2020-1929
https://github.com/apache/openmeetings,d3741026cd56749a830a028531caaab425581d9e,"CVE-2016-0784,CVE-2016-0783,CVE-2023-28326,CVE-2023-29032,CVE-2023-29246"
https://github.com/apache/groovy,19b3bd96ff4e8f498789957d1cd06b449588cba1,"CVE-2015-3253,CVE-2016-6814"
https://github.com/junrar/junrar,49428382f4751035ea8d0c7c9df8e116b4937077,"CVE-2018-12418,CVE-2022-23596"
https://github.com/eggjs/egg-scripts,74605f7e21525c94deded87a7f949801530bdf05,CVE-2018-3786
https://github.com/OpenIDC/pyoidc,59baea34a929f301291d0df291a9cfb9698e7f6b,CVE-2020-26244
https://github.com/hapijs/nes,790a2e3b7bdcb17ba3dd93b4daa7f7f47b0e3478,CVE-2017-16025
https://github.com/weld/core,95145cd06a3d444f59540585d7e9d8b941160067,CVE-2014-8122
https://github.com/libimobiledevice/libplist,cf5897a71ea412ea2aeb1e2f6b5ea74d4fabfd8c,CVE-2017-5545
https://github.com/twbs/bootstrap,c85346d0bce28d9cd7e359c5d1afac5f2378e43c,"CVE-2018-20677,CVE-2018-14041"
https://github.com/apache/shiro,832c1474acb65cbface7ffa2c518ddf86ca840f8,"CVE-2019-12422,CVE-2020-13933,CVE-2020-11989,CVE-2020-1957,CVE-2016-4437"
https://github.com/contao/contao,e55f40abb554c5daa6a69cac153e11fcbb21970a,"CVE-2018-20028,CVE-2019-10642,CVE-2019-10643,CVE-2019-11512"
https://github.com/hawtio/hawtio,38973806721a842af4ef0bc28b942d2ad5c07a89,"CVE-2019-9827,CVE-2017-2617,CVE-2014-0120,CVE-2014-0121"
https://salsa.debian.org/reproducible-builds/diffoscope,e551f17bd31b2d6057e2598d76e44279eb85a990,CVE-2017-0359
https://github.com/OpenSlides/OpenSlides,13df241d5ba38524713f483ddcf5f098d1db9bbf,CVE-2020-26280
https://github.com/spiral-project/ihatemoney,56bee933468a6f8fe912d8b8e91849fad41fec6d,CVE-2020-15120
https://github.com/jenkinsci/script-security-plugin,a4daab20016c3b5a1b144072c033e594cd16e9fd,"CVE-2019-1003005,CVE-2019-1003024,CVE-2023-24422"
https://github.com/wagtail/wagtail,3c84a30a6e329700b480f81e831c67fb21c191bc,CVE-2020-11001
https://github.com/devsnd/cherrymusic,3f4a424db3f915197ad012955665b4e31293965a,"CVE-2015-8309,CVE-2015-8310"
https://github.com/SvenEwald/xmlbeam,84a2a91c216622c611a948d88792c846b532aa0a,CVE-2018-1259
https://github.com/tojocky/node-printer,4542194dd6e249eae329805ea632228c567e3a6f,CVE-2014-3741
https://github.com/candlepin/candlepin,b7364dfbf0016dab7c9753f4f322bf8abd506966,CVE-2012-6119
https://github.com/yaml/libyaml,840b65c40675e2d06bf40405ad3f12dec7f35923,CVE-2014-9130
https://github.com/apache/skywalking,5c1c2eb4ad7c91cdd16245c644c59e84ae86d0c8,"CVE-2020-9483,CVE-2020-13921"
https://github.com/google/tink,1f4cd38874ec0be85f5aa55ba86d95d18c3fd965,CVE-2020-8929
https://github.com/nedap/mysql-binuuid-rails,a3ada1316c82c79ee877d7c56708f8b583bb023a,CVE-2018-18476
https://github.com/yaml/pyyaml,69c141adcf805c5ebdc9ba519927642ee5c7f639,CVE-2020-1747
https://github.com/poezio/slixmpp,7a0fb970833c778ed50dcb49c5b7b4043d57b1e5,"CVE-2017-5591,CVE-2019-1000021"
https://github.com/intelliants/subrion,c8aaeb04f44554e454be9763527a7be7fbe7bfd5,CVE-2018-14840
https://github.com/Gerapy/Gerapy,7c4eda875563f5d0342a3650959e0502bc279d77,CVE-2020-7698
https://github.com/x-stream/xstream,20f26bcecc2256e032b1073cef52f14a8ef44d56,"CVE-2020-26259,CVE-2013-7285,CVE-2020-26217,CVE-2017-7957,CVE-2016-3674,CVE-2020-26258,CVE-2021-43859,CVE-2021-29505"
https://github.com/highcharts/highcharts,0fbd6e0c6b328710dfe9be3ef78d1e555a0b2b45,CVE-2018-20801
https://github.com/jenkinsci/mailer-plugin,4a43626e278338e8030ee5232ad2062cbcf8dd6b,CVE-2018-8718
https://github.com/eclipse/kura,70d3a85f518cb1f9768b76c5f8839ad890961e49,"CVE-2019-10243,CVE-2019-10242"
https://github.com/horazont/xmpp-http-upload,9dcec63b66f43f39df7b592346877b350ed2a81b,CVE-2020-15239
https://github.com/rails/rails,db7249a36d61897f04c274a1cfb4754878547d87,CVE-2011-3186
https://github.com/Pylons/waitress,ed0149beb3c91def3150ac3cbd57df250a241a9c,"CVE-2019-16786,CVE-2020-5236,CVE-2019-16789,CVE-2019-16792,CVE-2019-16785"
https://github.com/vesse/node-ldapauth-fork,5f8b7b16cd0adff158ca17a80fc0a72aea4431a3,CVE-2015-7294
https://github.com/frostming/rediswrapper,6fb6693e61472037f88ff96a04e7585b86ba4b66,CVE-2019-17206
https://github.com/openstack-archive/nova-lxd,0dd757fff076a5d33172134232f68eb6bb5aa891,CVE-2017-5936
https://github.com/eclipse/openj9,4eeb05b3152ece9ca9ec4006997a499ef58e868a,CVE-2019-11772
https://github.com/lukashinsch/spring-boot-actuator-logview,d10e77a59703d03c16040accbb0a792edff980ca,CVE-2021-21234
https://github.com/tryton/trytond,3df41d95dd2758c253cbf1c52043a104a2cae51a,CVE-2014-6633
https://github.com/sonatype/nexus-public,aec50e47d080933bc235f29e2669591343112a12,CVE-2019-5475
https://github.com/rweather/noise-java,49377b6dfc6a1e75740bce2318118291a57c0d6e,"CVE-2020-25021,CVE-2020-25023,CVE-2020-25022"
https://github.com/mpdf/mpdf,b0a6e06f4cbbe83ae594885e5b5a9e61a09515f7,CVE-2019-1000005
https://github.com/resteasy/resteasy,aaa261373089dc18f66a2c6303e2e9b8ba844f9a,"CVE-2017-7561,CVE-2020-10688"
https://github.com/markedjs/marked,b4eb83bbb48107720d95162ccecf829ba16be91e,CVE-2015-8854
https://github.com/apache/activemq-apollo,8e4b134b2a5d3576aa62cd8df9905a9fe2eba2d0,CVE-2014-3579
https://github.com/adaltas/node-csv-parse,29fb64abdcf9537d2953306c7f92482cf808b740,CVE-2019-17592
https://github.com/onelogin/ruby-saml,fbbedc978300deb9355a8e505849666974ef2e67,CVE-2016-5697
https://github.com/fedora-infra/python-fedora,54b015371c944f23a4c49f30ef914fd658ff0c94,CVE-2017-1002150
https://github.com/rhysd/Shiba,1ef16779bfa1a9c0007baf87b9d739906e2acd70,CVE-2017-1000491
https://github.com/w3c/css-validator,da8a31d144911493e48b89aa1d0b8c966aae2ed8,CVE-2020-4070
https://github.com/jenkinsci/groovy-sandbox,ac8d69a078f5eac892f3fe767df4ea1cf481d966,CVE-2018-1000866
https://github.com/sybrenstuvel/python-rsa,42b0e14ffbeeb9d99d1037e6440a2cc61780e4ea,CVE-2020-13757
https://github.com/rohe/pysaml2,0252ec96058c87c43f89e05d978e72b6ba2e6978,"CVE-2017-1000433,CVE-2016-10127,CVE-2016-10149"
https://github.com/simplesamlphp/simplesamlphp,4994422cba4decd71cf14e4c249b394aa98ecf56,"CVE-2017-12871,CVE-2017-12867"
https://github.com/Flask-Middleware/flask-security,5c38f6a2beb4f800444b9a279089e7f42991b40d,CVE-2021-21241
https://github.com/npm/npm,447afc8316536405dc3fc3a682edad52943c6c0e,CVE-2013-4116
https://github.com/Netflix/titus-control-plane,7fea12f3b07fe7d497b4da2a5feb68560fe786d8,CVE-2020-9297
https://github.com/tqdm/tqdm,0ed5d7f18fa3153834cbac0aa57e8092b217cc16,CVE-2016-10075
https://github.com/togglz/togglz,debf9b4a9853ebd5c84fb69b626c44ec0e66ccac,CVE-2020-28191
https://github.com/ioBroker/ioBroker.js-controller,a1cfe99caabdd4352c3795e597663b90215753a4,CVE-2019-10767
https://github.com/privacyidea/privacyidea,f7593f3a2ab145c6e0777b736daeafc04519c6c4,CVE-2018-1000809
https://github.com/blueimp/jQuery-File-Upload,0e92a4d4613d4ed5231ee0d8513519f2e04f99ba,CVE-2018-9206
https://github.com/apache/wicket,96b755d2894e51390ee98e775ed68482bc799cad,"CVE-2015-5347,CVE-2020-11976,CVE-2016-6793"
https://github.com/looly/hutool,abbe51447992ed968d1de4956fa9d88dc581bab3,CVE-2018-17297
https://github.com/letonez/libpam4j,84f32f4001fc6bdcc125ccc959081de022d18b6d,CVE-2017-12197
https://github.com/rhuss/jolokia,969adb27d89be15e7cb83845c2576d5c3ef6ff8e,"CVE-2018-1000129,CVE-2018-10899,CVE-2018-1000130,CVE-2014-0168"
https://github.com/hornetq/hornetq,fdc19ebf7e456571860ec229a504bf73a2b4cb8d,CVE-2014-3599
https://github.com/ensdomains/ens,5ea18f062b1eac4b81145dfed073dfb99b692642,CVE-2020-5232
https://android.googlesource.com/platform//external/conscrypt,0cb74b5a1fd2f5360c42f157aa452048d8378119,CVE-2016-0818
https://github.com/qos-ch/slf4j,183aaa507040ce6c61f70762c13e7d11aa4fd54e,CVE-2018-8088
https://github.com/apache/qpid-proton,8d2f8255f15a39f0e47f36a0c6c29b5f3c36457c,CVE-2016-2166
https://github.com/google/guava,f1b962f1f1d1c96068c62b7ff55426ea249cbd55,"CVE-2018-10237,CVE-2020-8908"
https://github.com/wso2/carbon-analytics-common,e319397c60eb8911067b451a7637752dbc65d3cf,CVE-2020-12719
https://github.com/jborg/attic,2b348104f668836f9e00103681e3bc85cb49ecae,CVE-2015-4082
https://github.com/OpenTSDB/opentsdb,0f681b7545d9999506900da5f1c4dbe433dbfb43,"CVE-2018-12972,CVE-2023-36812"
https://github.com/mysql/mysql-connector-j,20ef8ee9eb4294a03858acccea0ddad3525f1ff9,"CVE-2017-3523,CVE-2017-3586"
https://github.com/oliversalzburg/i18n-node-angular,e8483a7643315717bf0e710bdd0b8571d9853310,CVE-2016-10524
https://github.com/zombocom/wicked,2e7114d7027d71b9a10c7d8eee78717cc3e617d6,CVE-2013-4413
https://github.com/openhab/openhab-addons,bd841d7b4943d1085a6895f9ca11282cf59de634,"CVE-2021-21266,CVE-2020-5242"
https://github.com/apache/hive,2495898ae937de2bfd8fe72c63eec2ae905c908c,"CVE-2018-11777,CVE-2018-1282,CVE-2014-0228,CVE-2018-1284,CVE-2015-7521"
https://github.com/vmg/redcarpet,34c138e3f14931a0a7b4014916e1e521debbfa68,CVE-2015-5147
https://github.com/eclipse/paho.mqtt.java,9c742c1d83e71132452e08d325e5a90d1631c302,CVE-2019-11777
https://github.com/apache/thrift,ef6a6c282a659a3e80add7e2d23ddb6855df34e2,"CVE-2018-11798,CVE-2018-1320"
https://github.com/d0c-s4vage/lookatme,c05abe1804d93254e9139039937eed43fb6b49ab,CVE-2020-15271
https://github.com/MISP/MISP-maltego,d9869cc291645828a691b79fed79e8026db88550,CVE-2020-12889
https://github.com/i18next/i18next,01dd2972242f8a7bba5880dbd31387ebd21e65ba,CVE-2017-16008
https://github.com/bcoca/ansible,399d2841c82a26af131790e6f480ab91942cdb7b,CVE-2019-10156
https://github.com/oyvindkinsey/easyXDM,56850ab47a92905780be1b4f74295c8e2f7c8088,CVE-2014-1403
https://github.com/mpetroff/pannellum,1eaccef60f75c8553997b37fe5d9784b2ed7b07a,CVE-2019-16763
https://github.com/Bouke/django-two-factor-auth,227bb96dd91c405e9d5b47b3d2ff29c6184d86f9,CVE-2020-15105
https://github.com/line/centraldogma,991ff876e37e6845df61d15ce20f7348191014a3,CVE-2019-6002
https://github.com/OpenKMIP/PyKMIP,6cd44b572b0ca55adf01a8a12078b2284602e64c,CVE-2018-1000872
https://github.com/caolan/forms,066f70abc2fdd63d2b421c9145ccad4b8503a310,CVE-2017-16015
https://github.com/josdejong/mathjs,3b3be527f4c4c69b16c92ae2092462443414c1bb,"CVE-2017-1001002,CVE-2017-1001003"
https://github.com/openstack-archive/swauth,449e380e1bd9ca3760582afc2a4e8af56a538208,CVE-2017-16613
https://github.com/Cog-Creators/Red-DiscordBot,8d8918b3c601813ff4a0e8143c0a11421456f2a9,"CVE-2020-15278,CVE-2020-15147"
https://github.com/airsonic/airsonic,5ccca059d5cfe3dd19734c27861b434ea21b43d8,"CVE-2018-20222,CVE-2019-10907,CVE-2019-10908"
https://github.com/ckeditor/ckeditor5-link,c89dfc6fdb2a1b2b45e9d3f704dbd7ac2d6b4c0d,CVE-2018-11093
https://github.com/quadule/colorscore,32dad8ee5d7500f01208bc9262e8d4d4f3248642,CVE-2015-7541
https://github.com/jenkinsci/dynatrace-plugin,eb05e9fa4d1a04a54b48587a505db5cdcd1c6c05,"CVE-2019-10462,CVE-2019-10463"
https://github.com/thanethomson/MLAlchemy,c5fe46b3c23ccf952d50e913b6db1588c87d753a,CVE-2017-16615
https://github.com/apache/geode,4a83ba401784e55d17f9014a6ba01b032d245bef,"CVE-2017-15694,CVE-2017-15695,CVE-2019-10091"
https://github.com/mongoid/moped,cf817ca58a85ed567c2711e4eada163018bde3cf,CVE-2015-4410
https://github.com/irmen/Pyro3,5bd531088d9a11ec83556a0429f18df6cb5cd437,CVE-2011-2765
https://github.com/FasterXML/jackson-dataformats-binary,9235847f883fecc548e993941962c2a1bfdca03f,CVE-2020-28491
https://github.com/cloudfoundry-incubator/credhub,1b9edb11449913dd34adfa7f8d40ed30a43e9ee9,CVE-2017-8038
https://github.com/ashaffer/cached-path-relative,07947c44e3a5f66d723e34719a9e95e557a5c619,CVE-2018-16472
https://github.com/penggle/kaptcha,b73a2123ad911b7df4eb917a2126c6d9464e5a6d,CVE-2018-18531
https://github.com/josdejong/typed-function,fc6529fc75899aa2b55c7216ad3bf6464257e9cb,CVE-2017-1001004
https://github.com/illagrenan/django-make-app,acd814433d1021aa8783362521b0bd151fdfc9d2,CVE-2017-16764
https://github.com/tomoh1r/ansible-vault,15ec5317a877fc12fbaab43cad155da14ba15e54,CVE-2017-2809
https://github.com/pediapress/pyfribidi,768c875bf99cf668b2552516399561b4d6cecd2b,CVE-2012-1176
https://github.com/puppetlabs/puppet,e227c27540975c25aa22d533a52424a9d2fc886a,CVE-2012-3408
https://github.com/apache/druid,b9c6fdc12c330c77298e2f6e915a28eb18126ff9,CVE-2020-1958
https://github.com/restlet/restlet-framework-java,4b4a0cb3bc151f10cbe7c635d46525a7d3543c47,"CVE-2013-4221,CVE-2017-14949"
https://github.com/mholt/archiver,3ce15a5ce0779a7b2249679e8d2883906fa9117f,CVE-2018-1002207
https://github.com/spring-projects/spring-ldap,84f64324b2091e757a79aa78171a7588ed7248d1,CVE-2017-8028
https://github.com/webbukkit/dynmap,10e6739811283a8452907577ff6076d85609d51f,CVE-2019-12395
https://github.com/flarum/core,4e95d061905d77d9ff5cb6c45318cbcfc71e2477,CVE-2019-11514
https://github.com/bottlepy/bottle,b5631d1d8ab9dd8e7a149a83a0be9a883468ef9f,CVE-2020-28473
https://github.com/pytest-dev/py,6b219734fcd8d2f6489c2f50585a435b34c029c2,CVE-2020-29651
https://github.com/getk2/k2,00950c0bdd3239e018b9666981fda610699752c6,CVE-2019-19576
https://github.com/aio-libs/aiohttp,6a682e2a406581c1bef55b3736018ea473453611,CVE-2021-21330
https://github.com/apache/flex-blazeds,7011cd742c465830482db69a4624819569472e9f,CVE-2017-5641
https://github.com/mitmproxy/mitmproxy,a6814fec48eb33e2cb6e5b042415afa6efc0c651,CVE-2018-14505
https://github.com/httplib2/httplib2,09eee8a81f552cbaa74f603f2dd9bcc3311ff6d7,"CVE-2021-21240,CVE-2020-11078"
https://github.com/zulip/zulip,92467f232f0df802d062a15ac8b1db06cf9dd10f,CVE-2019-18933
https://github.com/Silverpeas/Silverpeas-Core,b0f7d89e6283fb2d5ad8e24c7eb32347310b9aae,CVE-2018-19586
https://github.com/apache/kylin,7fe50b2d5833ad4b8a09d6a27027563dedce8287,"CVE-2020-1937,CVE-2020-1956"
https://github.com/Unrud/Radicale,a2be03fdafdb8b2171a51ab2578a15412a7e3594,CVE-2015-8747
https://github.com/narkisr/nmap4j,d2b1a212384a2e26c3e755d5461fad628e75d9a5,CVE-2018-17228
https://github.com/jamesagnew/hapi-fhir,27c11a1580b83e5962a6fca85b1ebbaa76d51963,CVE-2019-12741
https://github.com/c-ares/c-ares,4f42928848e8b73d322b15ecbe3e8d753bf8734e,CVE-2016-5180
https://github.com/nltk/nltk,ebaf5f9ce0736fab9c57ba145081693ab19fd2ee,CVE-2019-14751
https://github.com/aio-libs/aiohttp-session,03affd2af8f6ebc816c842ede6b1998ac9171b09,CVE-2018-1000814
https://github.com/sebfz1/wicket-jquery-ui,b42ad542418bc7d98cb2b1cab9eb29d829894de7,"CVE-2017-15719,CVE-2018-1325"
https://github.com/apache/activemq-artemis,04a9918ecdeecd1dca413ddecdce8418c35f002b,"CVE-2017-12174,CVE-2020-10727,CVE-2015-3208,CVE-2022-23913"
https://github.com/keystonejs/keystone,91e7fcf66e897f0ee9028059d8d8edd9ae177367,CVE-2017-15879
https://github.com/apache/flink,664287977cc1e3df16c5422f07cda2cc729bdbf2,CVE-2020-1960
https://github.com/joniles/mpxj,f07fb436a0b80ec6cfc5def6cd7f46180713ecc8,"CVE-2020-35460,CVE-2020-25020"
https://github.com/quartz-scheduler/quartz,df059e2a6c22ad1466476ae246025f31caffa6e5,CVE-2019-13990
https://github.com/beanshell/beanshell,eee36c81c35525fd771285e77b6fb8173db3f1dc,CVE-2016-2510
https://github.com/apache/xmlgraphics-batik,e49976a6ed4a9a80005ed9a35e24baffb6cccd57,CVE-2020-11987
https://github.com/fusesource/hawtjni,f3843d0326d6b64cd749197b2d11661c1f1dc6e9,CVE-2013-2035
https://github.com/horazont/aioxmpp,c17303c1df82ef0940e60fc2f5fffbf613d6a542,CVE-2019-1000007
https://github.com/apache/mina,cd62e266374ef7a040de7a39c711c87a00cd498c,CVE-2019-0231
https://github.com/jfhbrook/node-ecstatic,c2de337332a5137944c117000b13d368ce6e24f6,"CVE-2016-10703,CVE-2019-10775"
https://github.com/recurly/recurly-client-python,72495ae6c119187c455d61f52df19c7b987cdb43,CVE-2017-0906
https://github.com/kellyselden/git-diff-apply,3189df1f19e2100fe0b1c77f673cb541d2c47467,CVE-2019-10776
https://github.com/apache/ant,1a9de1ec23b1844d89b78bf9be6a202e8fbb5575,CVE-2020-1945
https://github.com/openstack/swift,b735b3d034b11e1472f7b471919649d165c447e0,CVE-2012-4406
https://github.com/kiegroup/jbpm-wb,7a54b513322437e8ff63d0f1ab691534d13f2849,CVE-2013-6465
https://github.com/github/hubot-scripts,ec0b06aa9f2169c8427cdf77f49a0de698c969b1,CVE-2013-7378
https://github.com/alex/rply,19a9e08c486b2723a2e2378df6edb6a26e2df4a5,"CVE-2014-1938,CVE-2014-1604"
https://github.com/square/retrofit,e038bfa6193aa3469e7a0791349e22b42320142c,CVE-2018-1000844
https://github.com/apache/httpcomponents-client,3061c34bf93da6470a9bd495b279cae6d676b79c,CVE-2013-4366
https://github.com/lift/framework,d4a10909ccdeae1fa53b0bcd82f51cb0093e237a,CVE-2013-3300
https://github.com/python-bugzilla/python-bugzilla,5b7e6e3ed462d82a5bfdec4fa2f57700c6210628,CVE-2013-2191
https://github.com/simpleledger/slpjs,8fdfc622d3231f9079b6da6701d0ee5331e7928d,CVE-2019-16762
https://github.com/octobercms/october,0f007f8129170ac37b09921c63a7e3e295c8125c,CVE-2017-16244
https://github.com/schema-inspector/schema-inspector,bca22fb7ae0deda378216c4ef4e27ec453e1f293,CVE-2019-10781
https://github.com/tensorflow/tensorflow,3df8642845acdcf62eea48a63247a743e1f801b5,CVE-2019-16778
https://github.com/pillarjs/resolve-path,9894c00ffee50fd68c95d73f9d44d514f08a3677,CVE-2018-3732
https://github.com/wuweiit/mushroom,7fcef24409fa05ba7a89285792c514693ef385ee,CVE-2018-17796
https://github.com/seam2/jboss-seam,965d4f3ea4dd527a41402f4758878de02d5ede7d,"CVE-2013-6448,CVE-2013-6447"
https://github.com/checkstyle/checkstyle,b1c41245cade4f0c40a9896c953b281f4467f4a7,CVE-2019-9658
https://github.com/micromata/projectforge-webapp,345f171a8ba53006fcecf5f8e3dad36fdb9691c5,CVE-2013-7251
https://github.com/swaldman/c3p0,7d0e9f707fef05a5c15ea67a4ead622ee216f66d,"CVE-2019-5427,CVE-2018-20433"
https://github.com/apache/zeppelin,571e8d5c7d2a0e1de9e6492a23a5c97fc60bc60f,CVE-2018-1317
https://github.com/rainlab/user-plugin,c4c82b44c0e54f701e27d0c4f3ea78ff88ca3403,CVE-2018-10366
https://github.com/qos-ch/logback,02e7ef009ceb33295b0b6777c4f23e422454e280,CVE-2017-5929
https://github.com/square/okhttp,84f86922ed4ee48b5d8f7b87a1e214080e123d76,CVE-2016-2402
https://github.com/tadashi-aikawa/owlmixin,1fa7bb09f9f884dc429e25d1d6ad55907ef625b9,CVE-2017-16618
https://github.com/oblac/jodd,3a0790e4d52be2b9c9db7675184c6fc3ad9b16dc,CVE-2018-21234
https://github.com/pingidentity/ldapsdk,d9549c6225059455e5a16f52ba48d209c3302cb4,CVE-2018-1000134
https://github.com/kiegroup/jbpm-designer,f8a1f9c59644bb7d62f3f5fb81011a373b125fca,"CVE-2017-7545,CVE-2014-3682"
https://github.com/zkat/ssri,f36c606ae0637c3e36d426096b60692e9f3d3e4d,CVE-2018-7651
https://github.com/browserify/syntax-error,53e03850467a867e0f041a43673f8f0d65db8f82,CVE-2014-7192
https://github.com/googleapis/google-oauth-java-client,eb0a1899a0f6368ef2e060e938bf6ab5d369d168,CVE-2020-7692
https://github.com/primefaces/primefaces,ad52b987fe50a5d0fea88e11716a773db86f0324,CVE-2017-1000486
https://github.com/darylldoyle/svg-sanitizer,5e477468fac5c5ce933dce53af3e8e4e58dcccc9,CVE-2019-18857
https://github.com/spring-projects/spring-integration-extensions,54aecf7db7caba7324790e8505046cf0aa671061,"CVE-2018-1263,CVE-2018-1261"
https://github.com/simi/omniauth-facebook,4518c2cb9b836b055d548e997f2acd8d3095bbe1,CVE-2013-4562
https://github.com/jazzband/django-user-sessions,6fc87ced61d7cc59213d459f32d04097e11e696a,CVE-2020-5224
https://github.com/hazelcast/hazelcast,a4ec7b08362a0facdd70a4996097d1ad0467630d,"CVE-2016-10750,CVE-2022-0265"
https://github.com/open-iscsi/rtslib-fb,36d9a34aeb5cbe6d22ae915175009bac33e158ef,CVE-2020-14019
https://github.com/rubocop/rubocop,6b6c03317b6d2877dff18e039d0bd0e91f36083e,CVE-2017-8418
https://github.com/umbraco/Umbraco-CMS,45593c6311475ac6b6239ff340675ec472cc0f17,CVE-2015-8814
https://github.com/parse-community/parse-server,f3f28f8f5e4a1c6fde9d46bdd1c9daec27bda067,CVE-2019-1020012
https://github.com/etcd-io/etcd,a119975319ad7e2da4759914677175e538559ec5,"CVE-2018-1098,CVE-2018-1099"
https://github.com/matrix-org/sydent,a37d60bd8efd78cd71a109136c30b7c9c633f56a,CVE-2019-11340
https://github.com/Netflix/conductor,548f386c2c6c1e4d467b8551edbb6182881004ae,CVE-2020-9296
https://github.com/openid/php-openid,d3e589c7575e4cb4498dc95a4cdaa35c2ad240e5,CVE-2013-4701
https://github.com/apache/atlas,fd29db13ca58b8d33b69de6860b895796a9873ed,CVE-2017-3154
https://github.com/handsontable/formula-parser,4ef971bfa550af631d1c79636455c4cb7730123d,CVE-2020-6836
https://github.com/aosp-mirror/platform_frameworks_base,1cdfff555f4a21f71ccc978290e2e212e2f8b168,"CVE-2016-2426,CVE-2016-0812,CVE-2021-0322,CVE-2021-0321,CVE-2021-0319,CVE-2021-0317,CVE-2021-0315,CVE-2021-0306,CVE-2021-0518,CVE-2021-0486"
https://github.com/jenkinsci/git-plugin,a0da134e5551e450bd40ba9e0cb3d506a2f28fbe,CVE-2019-1003010
https://github.com/apache/iotdb,ed5a600a129e07015ff63673e944d08e32aae359,"CVE-2020-1952,CVE-2023-24831"
https://github.com/openstack/keystone,4e014d79f00915e298244246e1929f80a98012a6,CVE-2019-19687
https://github.com/Turistforeningen/node-im-resize,de624dacf6a50e39fe3472af1414d44937ce1f03,CVE-2019-10787
https://github.com/jakubroztocil/httpie,5b604c37c6c67e18e7c3e9aee6c88a8c22b98345,CVE-2019-10751
https://github.com/latchset/jwcrypto,f105494e9c7ff203dcaf378676b4df7f7463e500,CVE-2016-6298
https://github.com/rubyzip/rubyzip,1f3f84c88914b2b3c77c18b73f2ecb42225a54af,CVE-2017-5946
https://github.com/peerigon/angular-expressions,30a5a458bc362c78bc337afaa8ace4752562ffe1,CVE-2020-5219
https://github.com/ipython/ipython,5a3bf345ed7c78e5fab84faa81285e5fd9dfa3da,CVE-2015-5607
https://github.com/latchset/kdcproxy,0606ca5a9002ab85c1624639206fee4abbd8c0eb,CVE-2015-5159
https://github.com/deeplook/svglib,3fb492f3026ded43b6718d71460d05a490c9a387,CVE-2020-10799
https://github.com/voxpelli/node-connect-pg-simple,c46daef6d06d257a0fb946ad90b9fb9a652bbe90,CVE-2019-15658
https://github.com/smallrye/smallrye-config,32c4c59f6e3751ad84cb9a1ac85eaa5a217a8579,CVE-2020-1729
https://github.com/mayan-edms/mayan-edms,71788a5196547c61c1ee457ba386cfee98b77daf,"CVE-2018-16407,CVE-2018-16406"
https://github.com/zeroclipboard/zeroclipboard,f3174aa95f0d3a95cac5c442a692941375b464a2,CVE-2012-6550
https://github.com/apache/directory-ldap-api,8c10cbccd17b54a164bc1e314e64a19d99e05ed3,CVE-2018-1337
https://github.com/microweber/microweber,258c2afcb7c2e15abc48cbee5e806668362b1dab,CVE-2018-17104
https://github.com/excon/excon,449a443777342705373743f44694775dc7c22095,CVE-2019-16779
https://github.com/relekang/django-nopassword,d1d0f99617b1394c860864852326be673f9b935f,CVE-2019-10682
https://github.com/orientechnologies/orientdb,dd6742f9142161dcf1081ada942fc9a16f844e98,"CVE-2015-2912,CVE-2015-2913"
https://github.com/xjodoin/torpedoquery,09a3357b34f1e68b3715142c421507c2a38bdd96,CVE-2019-11343
https://github.com/apache/commons-text,2891b352ba1e58f261d800c946e57c3b03b29269,CVE-2022-42889
https://github.com/pyradius/pyrad,f42a57cb0e80de42949810057d36df7c4a6b5146,CVE-2013-0294
https://github.com/trevp/tlslite,cd82fadb6bb958522b7457c5ed95890283437a4f,CVE-2015-3220
https://github.com/moscajs/aedes,dcd1d3952b6cae199347b601e5a9d1cf013b921d,CVE-2018-3778
https://github.com/sferik/rails_admin,1b2a8baa729378c0b220fda4aef793e8f6bd4eaf,CVE-2017-12098
https://github.com/tj/node-cookie-signature,b7bd4cb9500bfa5e696143f51d61e5f24f7a625d,CVE-2016-1000236
https://github.com/pallets/flask,a5f9742398c9429ef84ac8a57b0f3eb418394d9e,CVE-2019-1010083
https://github.com/HubSpot/jinjava,6bcb7cb55de837c1af093a763b6e6e5879d53b01,CVE-2020-12668
https://github.com/jenkinsci/workflow-remote-loader-plugin,21aa748b6af11f016bb27c382c55a9d57dd8792d,CVE-2019-10328
https://github.com/divio/django-cms,e15e017ad04edd1b48f349976291a99f21fdb524,CVE-2015-5081
https://github.com/libimobiledevice/libimobiledevice,a6b6c35d1550acbd2552d49c2fe38115deec8fc0,CVE-2016-5104
https://github.com/spring-projects/spring-data-commons,2760cb9686f402747dbb3ba875c43847af48cdf4,CVE-2018-1273
https://github.com/bbengfort/confire,585b4a7e61f94f6f35178e8cee98a3083bc68a48,CVE-2017-16763
https://github.com/lsegal/yard,5b93b3a4f15a52f3165edef112e718149d294c38,CVE-2017-17042
https://github.com/apache/rocketmq,c9ea74962f4796be0b1137b120ee2106f8c732ff,"CVE-2019-17572,CVE-2023-33246"
https://github.com/symphonycms/symphonycms,ea690f74cbc5b325014e45fb44b7ad5501b7da5e,CVE-2018-12043
https://github.com/apache/roller,395cfa30a7b274f8540424d11404c3e7433243f8,CVE-2018-17198
https://github.com/jnunemaker/httparty,9417ce158d732fecc753c656accb59c470cfb6f8,CVE-2013-1801
https://github.com/javaserverfaces/mojarra,2bbcb9751c57bc48cba6e6ac0ca6d1880bcf15a3,CVE-2013-5855
https://github.com/golang/go,0375edd901f2807af29af95f60a06065c489708c,CVE-2017-8932
https://github.com/triaxtec/openapi-python-client,e5857d3bcadd007c96ec4a3ac5b1216a59122889,"CVE-2020-15142,CVE-2020-15141"
https://github.com/requests/requests-kerberos,d4088c05ad7f3c1f4968590f3243404e50c36749,CVE-2014-8650
https://github.com/apostrophecms/sanitize-html,86efc067a63515e08ecfc47f94d8bca0e3715030,CVE-2017-16016
https://github.com/http-party/node-http-proxy,9b96cd725127a024dabebec6c7ea8c807272223d,CVE-2017-16014
https://github.com/apache/oozie,8bdac8be4fa719a99612a83dcba86748486f9408,CVE-2018-11799
https://github.com/icsharpcode/SharpZipLib,ff2d7c30bdb2474d507f001bc555405e9f02a0bb,CVE-2018-1002208
https://github.com/NexMirror/Kallithea,8faf05839de525924644175fa5ba844c81e78b21,CVE-2016-3114
https://github.com/unclechu/node-deep-extend,f3f2b4f30fffe8abc9a99a7d6469fb354ca206e9,CVE-2018-3750
https://github.com/ktorio/ktor,ba92e44cf562065508f3b92058443baa404b3807,CVE-2019-19703
https://github.com/MiniProfiler/rack-mini-profiler,470c9a8c66ed4bf2a9da94c0aefd81cd0f8abc6f,CVE-2016-4442
https://github.com/pypa/pip,30807c4d9e62e0ba65ad80d441dba55e76ddf5e4,CVE-2019-20916
https://github.com/puma/puma,0bf46dbfbe585a8c034009ce14cbdde7772cea97,CVE-2020-5249
https://github.com/SonarSource/sonarqube,79ffdb816fb2db0a4ece47bb9e184f89e705a737,CVE-2018-19413
https://github.com/robo-code/robocode,a2d75a358ef673d91d2fd8f1d74eb71bf9bb3a96,CVE-2019-10648
https://github.com/denkGroot/Spina,740e20e8f1ffa933812110aaec00d192768255db,CVE-2015-4619
https://github.com/rgrove/sanitize,2dfa666ed5f8c59e1f9efcf0339f1e769876d3df,CVE-2018-3740
https://github.com/apache/cayenne,e574e44bd026af341da5064404ca2c4559005f07,CVE-2018-11758
https://github.com/jquery/jquery,b668be0fdc0d369e779840ef57033ea3fe040cb7,"CVE-2019-11358,CVE-2012-6708,CVE-2015-9251"
https://github.com/apache/unomi,e1b939e7d14c23d012ea1d5f586236418f42c5f4,CVE-2020-11975
https://github.com/apache/poi,2880483f130a44acceb6b9ea7dd84f8f9beb28fc,CVE-2019-12415
https://github.com/kovidgoyal/calibre,053b937bc8e62de59ee1fb76195b91b22f28876d,CVE-2016-10187
https://github.com/spring-projects/spring-social,e01365f2a6aeb340b59ee7c6230cb96a51c7ae84,CVE-2015-5258
https://github.com/apache/uima-uimaj,626ad7fc900328f1f03fc82e84208b0b85b94393,CVE-2017-15691
https://github.com/ohler55/ox,acaa249bd315819654cbf9b14905b4e653600dd1,CVE-2017-15928
https://github.com/pypiserver/pypiserver,90388972d52f1973996c0d21c950dd8dd2e66d31,CVE-2019-6802
https://github.com/orbeon/orbeon-forms,c0a9cf26ddc73820859abf944dcb842f28b6f71b,CVE-2010-3260
https://github.com/tj/node-growl,ad24aca82cd1a918bc0d55b6a0c44065df4076d6,CVE-2017-16042
https://github.com/filp/whoops,4ff421518f1f107db0e32743587ca35306395b4b,CVE-2017-16880
https://github.com/javamelody/javamelody,64183b32f0fcfea163f5e8fb0745ceae7e8b53d7,CVE-2018-15531
https://github.com/ProgVal/Limnoria,0a5952420e5ed7ca6baf5f99cac5f31bec9eb595,CVE-2019-19010
https://github.com/MirahezeBots/sopel-channelmgnt,2067af0c396fe4e66b57d0a588b364bfdbc52923,CVE-2020-15251
https://github.com/jenkinsci/favorite-plugin,da0aca35f77d219c65bff687c6eac96bb9404445,CVE-2017-1000243
https://github.com/jamesturk/django-markupfield,1dd8e4170fa3445adf3c04d9905142e71d21d543,CVE-2015-0846
https://github.com/seccomp/libseccomp-golang,f14c30b0753a45e65ef67a8359597e60050877e0,CVE-2017-18367
https://github.com/myshenin/aws-lambda-multipart-parser,c226a401b9083ea62cf5cb534a33802d703cca35,CVE-2018-7560
https://github.com/keycloak/keycloak-nodejs-connect,b50534c40bbdc58e117c39e53a0103fbe7ff3896,CVE-2019-10157
https://github.com/spring-projects/spring-ws,ee0cfd5d857e1cd3c6bd6b6c93093ff2dcd121b0,CVE-2019-3773
https://github.com/miekg/dns,10d76bc36d3ac95c7eaffd675456d52c7556ebe6,"CVE-2017-15133,CVE-2018-17419"
https://github.com/jarofghosts/glance,18af2910d1c97d4d694ef89d7ec5c29e679005d6,CVE-2018-3715
https://github.com/pslegr/core-1,8131f15003f5bec73d475d2b724472e4b87d0757,CVE-2014-0086
https://github.com/benoitc/gunicorn,a86ea1e4e6c271d1cd1823c7e14490123f9238fe,CVE-2018-1000164
https://github.com/heartcombo/simple_form,c2c7faf3e532072e1ef511a97d677ae0e7c38957,CVE-2019-16676
https://github.com/pivotal-cf/spring-cloud-sso-connector,bfa60dc1053cb485e0e7bbf6b4bbf923d27b7ebd,CVE-2018-1256
https://github.com/igniterealtime/Openfire,0094f111d067d076f27750317fd493cd69a23acf,"CVE-2008-1728,CVE-2019-18394,CVE-2018-11688"
https://github.com/itext/itext7,0fef8dc531af794930e066df55b502a030365a56,CVE-2017-9096
https://github.com/openmrs/openmrs-module-htmlformentry,0422303494cf16f7d0b2233eed4a77f2797509bf,CVE-2017-12795
https://github.com/openstack/octavia,599873b01ffc0adadf94ecbdb791351275ef10f8,CVE-2019-17134
https://github.com/eclipse/milo,bd8b9602a5c698c6d8801757d56a373e3f610b89,"CVE-2019-19135,CVE-2022-25897"
https://github.com/libssh2/libssh2,9136cc763b6a43646a2ad8ee9475e8669015ff4f,CVE-2015-1782
https://github.com/pear/Archive_Tar,36778513c36ef464a82757627d672468646ae382,CVE-2018-1000888
https://github.com/unshiftio/url-parse,877225add9c3a2e33ef20ebef94dd397a0965666,"CVE-2018-3774,CVE-2021-27515"
https://github.com/bower/bower,4e0c3c1181c21624c5b3ab5bdf5d3becdb172b5a,CVE-2019-5484
https://github.com/catfan/Medoo,2613656761b98c11ea1fb34502dafde4f4fe6414,CVE-2019-10762
https://github.com/Kozea/CairoSVG,9e8c6ede00dd1c4495fca4809b4cabd628a85eb9,CVE-2021-21236
https://github.com/justmoon/node-extend,91f405025821e071192e49e73368890d4275178f,CVE-2018-16492
https://github.com/ronsigal/Resteasy,2f71b046bacea52af68f955f5d35fd451200e7c4,CVE-2014-3490
https://github.com/lodash/lodash,8a26eb42adb303f4adc7ef56e300f14c5992aa68,CVE-2018-3721
https://github.com/phpmyadmin/composer,e55bb91f2d4060e6ad464e964559ea1614ec9c3b,CVE-2018-7260
https://github.com/expressjs/method-override,79ca8539dd7c98dfd55b5995736f1cd01ac4c15e,CVE-2017-16136
https://github.com/FasterXML/jackson-modules-java8,63c7b8e55c02ce3101d255de48b80dcf895246e6,CVE-2018-1000873
https://github.com/micronaut-projects/micronaut-core,70c551a85074376f2184aa8ed6f4946ab2fbd477,"CVE-2020-7611,CVE-2022-21700,CVE-2021-32769"
https://github.com/spring-cloud/spring-cloud-netflix,52beb5c4ba8a616220c24f0e74322df06e9ce7d5,"CVE-2020-5412,CVE-2021-22113"
https://github.com/apache/qpid-proton-j,e4db33f448c9676f8a5ed809cbec3f93a0174ac1,CVE-2018-17187
https://github.com/jupyterhub/kubespawner,9e994a7ce7507196ec2258460836eef40c98d0e1,CVE-2020-15110
https://github.com/craftcms/cms,4a6e0f0bcfc17c828f529617a76a3cf3dcc9e6f5,CVE-2019-17496
https://github.com/apache/iotdb-web-workbench,a82676948ce665a19f56a20ffb4e874484ec918f,"CVE-2023-24829,CVE-2023-30771"
https://github.com/apache/linkis,84e037f04b4510dce9632a62c73fa1b1ae2ac1ee,"CVE-2022-44645,CVE-2022-44644"
https://github.com/jenkinsci/bitbucket-oauth-plugin,cc9aa30cef01e439ffa354a3d5c89c3f80fc9dae,"CVE-2023-24426,CVE-2023-24428,CVE-2023-24427"
https://github.com/jenkinsci/gerrit-trigger-plugin,0034043599067d5488a70b55c5bff8f9b28bf588,CVE-2023-24423
https://github.com/jenkinsci/kubernetes-credentials-provider-plugin,99ade03cb076b53a8cfa539afc181f19994a89d7,CVE-2023-24425
https://github.com/jenkinsci/semantic-versioning-plugin,524f900d6b6d50321dad06e7bb267623b963f628,CVE-2023-24430
https://github.com/HL7/fhir-ig-publisher,71806385b0df627ab552e5a602b9a4e4db1eb4e8,CVE-2023-24057
https://github.com/AnantLabs/google-enterprise-connector-dctm,18ad2f75efd627157fbfed20bf6bab97a9f94d52,CVE-2014-125083
https://github.com/danynab/movify-j,4a848f2279a13951376d64f726af86bae6919f0b,CVE-2015-10068
https://github.com/evandro-machado/Trabalho-Web2,8ae0d0cd31459187c091a3919390dd92511adc60,CVE-2015-10061
https://github.com/Bricco/authenticator-plugin,4a34e975b3c4448bb73a2987d04a945c54dd96dd,CVE-2013-10013
https://github.com/karsany/obridge,3c43c65af3ed2c3318f5d6e8dddea35157a388d8,CVE-2018-25075
https://github.com/KrailOrg/krail-jpa,28849807307062c844375b6ab8af028cc75e9799,CVE-2016-15018
https://github.com/bmattoso/desafio_buzz_woody,f227e289e99a2324a041df66dc5f05be1244d695,CVE-2015-10048
https://github.com/ssn2013/cis450Project,f78e8d98f75699b8d352b9369917b639549d8097,CVE-2015-10020
https://github.com/alfio-event/alf.io,8ac410a4c5aeb2911a2fa44072132ae1593e91e7,"CVE-2023-0301,CVE-2023-0300,CVE-2023-2258,CVE-2023-2259,CVE-2023-2260"
https://github.com/cowtowncoder/java-merge-sort,2d4743cbfff0b25877f8f684f03b5d29ebb65bc5,CVE-2022-24913
https://github.com/ChrisMcMStone/gmail-servlet,1868ed02fb175a8df88bf91443405e5956be10b0,CVE-2014-125075
https://github.com/Nayshlok/Voyager,808b0ccd0bc699343523aa3a08a47108b9c318a7,CVE-2014-125074
https://github.com/lukehutch/gribbit,ceb56aacfa4115f8f4fdb2de63b01c0be2481fce,CVE-2014-125071
https://github.com/JervenBolleman/sparql-identifiers,25f8de730e034da3581213417d98fef13150e594,CVE-2014-125052
https://github.com/tbezman/school-store,808fcd7275006118eb0d8a3217b8587279a22dad,CVE-2014-125047
https://github.com/JATOS/JATOS,fc86eaaca43e637fc6722707988c2050ad282915,CVE-2022-4878
https://github.com/e-Contract/dssp,14dd3aa422f1bd5cc936db358672c55625130856,CVE-2016-15011
https://github.com/gturri/aXMLRPC,284e41559e078bec386ebd41e6b1381d286a44a8,CVE-2020-36641
https://github.com/bonitasoft/bonita-connector-webservice,0ea2bceed1a69489f89b595aeb257e34c085ba1d,CVE-2020-36640
https://github.com/mattkrick/sanitize-svg,cb918e034d2a73765eabd61854b0e2733d43d455,CVE-2023-22461
https://github.com/xwiki-contrib/application-ckeditor,c8ae35f0423ebf82953959c63c42a923e05dce30,CVE-2023-22457
https://github.com/quarkusio/quarkus,3c85a47fc6d87e4967f61a42037aaf8e92735531,"CVE-2023-0481,CVE-2022-0981,CVE-2022-2466"
https://github.com/geotools/geotools,5efd637f8e4ff8cab260c5888e7395b2545aff83,"CVE-2023-25158,CVE-2022-24818"
https://github.com/apache/directory-kerby,3e4d07ff0917bea06a7ddfb08dd8223b718a01ad,CVE-2023-25613
https://github.com/openkm/document-management-system,058e5bff7b2de75e3fc7e5f24d3694068d1fe67c,"CVE-2021-33950,CVE-2022-3969"
https://github.com/datahub-project/datahub,7fb9140d41de7f66544480b51a27dbfbad8de7e9,CVE-2023-25558
https://github.com/codenameone/CodenameOne,c5d47b97116da94ff435be1f9f74a252de0ed639,CVE-2022-4903
https://github.com/dimtion/Shaarlier,ffb379a1c90799c9ca5293ba3a52408044d493a2,CVE-2015-10076
https://github.com/jitsi/jitsi,129b23b8f3b1195c4c93de9858ecff514e5065d5,"CVE-2022-43550,CVE-2017-5603"
https://github.com/hapijs/formula,f173633232250d222548489a0b85f94c07ad2258,CVE-2023-25166
https://github.com/theonedev/onedev,c774a3fa9273a42dc05c2fcdc3cf21fe692a6fb4,"CVE-2023-24828,CVE-2022-38301,CVE-2022-39208,CVE-2022-39207,CVE-2022-39206,CVE-2021-21250,CVE-2021-21248,CVE-2021-21249,CVE-2021-21246,CVE-2021-21242,CVE-2021-21245,CVE-2021-21244,CVE-2021-21243,CVE-2021-32651,CVE-2022-39205"
https://github.com/apache/inlong,f2f9cb57802fdbfcf5e5aee9bd961ab35c34b3f1,"CVE-2023-24997,CVE-2023-27296,CVE-2023-31065,CVE-2023-31062,CVE-2023-31066,CVE-2023-31064,CVE-2023-31103,CVE-2023-31098,CVE-2023-31101,CVE-2023-31206,CVE-2023-31454,CVE-2023-31453,CVE-2023-31058,CVE-2022-40955,CVE-2023-46227"
https://github.com/apache/fineract,4861ad19fdd63c66d6e4c7043cb12192397f7950,"CVE-2023-25197,CVE-2023-25196,CVE-2023-25195,CVE-2022-44635"
https://github.com/gocd/gocd,31b6e7fadaf424ad71c4eae7abbd600c595282c8,"CVE-2023-28629,CVE-2023-28630,CVE-2021-43288,CVE-2021-43286,CVE-2021-43290,CVE-2021-43289,CVE-2021-43287,CVE-2022-29184,CVE-2022-36088,CVE-2022-39311,CVE-2022-39309,CVE-2021-25924,CVE-2022-39308"
https://github.com/getrebuild/rebuild,d50876c0c97da2b39fcbf50985d945daf978bec7,CVE-2023-1495
https://github.com/hgzojer/vocabletrainer,420d9bbf8973017d175e488c22f7847e4424f689,CVE-2017-20181
https://github.com/gradle/gradle,9aa2d6657f72da1783d5d595889b5b96ce6441e7,"CVE-2023-26053,CVE-2023-35947,CVE-2023-35946,CVE-2023-44387"
https://github.com/eemeli/yaml,c000eb708fc04910a0b034572c6febb090ca7035,CVE-2023-2251
https://github.com/spring-projects/spring-boot,b142798bdb8dde5d8a6ab01e70d6d78c1a6752c7,CVE-2023-20873
https://github.com/xwiki/xwiki-commons,fe7dd284c0aea33e17fc6cc02d7b577622db5408,"CVE-2023-29528,CVE-2023-29201,CVE-2023-31126,CVE-2022-24897,CVE-2022-24898,CVE-2023-36471"
https://github.com/intranda/goobi-viewer-core,6b06d24335752c6a49ad8363d4042f679ec38d76,CVE-2023-29014
https://github.com/apache/james-project,c80ea107886e8798f44c7e348e10f66371206b58,CVE-2023-26269
https://github.com/jenkinsci/role-strategy-plugin,3c95bfcb32ee54c590a1cee6be45ad5c35033684,CVE-2023-28668
https://github.com/CloudExplorer-Dev/CloudExplorer-Lite,22e658850f5b6f109bb445aeed0260881332cc98,"CVE-2023-2845,CVE-2023-2844,CVE-2023-3423"
https://github.com/alkacon/opencms-core,f296b1c4474f158a70603beb54bd6b0a465a3755,"CVE-2023-31544,CVE-2019-13236,CVE-2019-13237"
https://github.com/OPCFoundation/UA-Java-Legacy,d5d4a2c6b7ef578582f37a59d48ccb1ecc2217a8,CVE-2023-32787
https://github.com/vert-x3/vertx-stomp,4b4f9755e393ba89a29f4d897d967e5a912d7877,CVE-2023-32081
https://github.com/xwiki/xwiki-rendering,054d633e2c385863e42c7e8bbfecfeaf506d17cb,"CVE-2023-32070,CVE-2023-37908,CVE-2023-37912"
https://github.com/appium/appium-desktop,12a988aa08b9822e97056a09486c9bebb3aad8fe,CVE-2023-2479
https://github.com/pfsense/pfsense,7a24be284ae2859af862c5aff2c41604ac68c2a9,CVE-2022-23993
https://github.com/skylot/jadx,00608f8e51bd8cbb9a88dd238b92fae95652882d,CVE-2022-0219
https://github.com/koral--/android-gif-drawable,7a4ee0fb8e32414a3b16b96fdc309defccff0688,CVE-2022-23435
https://github.com/stanfordnlp/CoreNLP,cabc0208127f0ea36013fe31cfdb2f7cec7c1c46,"CVE-2022-0239,CVE-2022-0198,CVE-2021-3869,CVE-2021-3878"
https://github.com/Konloch/bytecode-viewer,5bb43430fbd863f859f561b53d75565c9f09338c,CVE-2022-21675
https://github.com/sismics/docs,c2d7f3ebc6368a15aabed3d747ec970751961d46,"CVE-2022-22115,CVE-2022-22114"
https://github.com/pac4j/pac4j,1ac7487b6a7b82777edbf03b88f31a6dfcc363ac,"CVE-2021-44878,CVE-2019-10755"
https://github.com/openmrs/openmrs-core,16fbea826bf3ae5f800ca7f92322f7675c17ef17,CVE-2022-23612
https://github.com/apache/gobblin,5da75cebec5238656b3818a52d63ec68d630b714,"CVE-2021-36152,CVE-2021-36151"
https://github.com/AcademySoftwareFoundation/openexr,5a39521804ff0d38c12a4ef36c3819fadcc853f9,"CVE-2021-20299,CVE-2021-20304,CVE-2021-20298"
https://github.com/postgres/postgres,3d0c3a418fc2448a156164a96804dd6d7c8516fe,CVE-2021-23214
https://github.com/monitorjbl/excel-streaming-reader,af775bab85e873e839c0e36f71c9dfcb830b54b2,CVE-2022-23640
https://github.com/ballcat-projects/ballcat-codegen,a613f6bfb77b868f50030247c0ffb19227746bf3,CVE-2022-24881
https://github.com/mruby/mruby,86ef7a912dc315bc053a1a566fe66a703595c03d,CVE-2022-1427
https://github.com/nahsra/antisamy,fb4ebebfa55b4ff62617cf758ca84fa4778b3f9e,"CVE-2022-28367,CVE-2022-29577"
https://github.com/vran-dev/databasir,01fa3284b6155dd104965307c162cbdaf22c9a3a,"CVE-2022-24861,CVE-2022-31196"
https://github.com/plantuml/plantuml,d8329aea8fff799f89a4664918d433fd7dede218,"CVE-2022-1231,CVE-2022-1379,CVE-2023-3432,CVE-2023-3431"
https://github.com/geosolutions-it/jai-ext,6b8a9e8493e8fa88520c7c7308cfeadfc4734eda,CVE-2022-24816
https://github.com/whitesource/CureKit,cec03f73cb304483bec8c52af989e4aff4d8972b,CVE-2022-23082
https://github.com/Erudika/para,b7ca4686b20099098a6e87bb373f517607463ffa,"CVE-2022-1848,CVE-2022-1782"
https://github.com/jgraph/drawio,bbc2e88b222ce4c05d8ef01bb4155d6279dea76e,"CVE-2022-1711,CVE-2022-1713,CVE-2022-1721,CVE-2022-1722,CVE-2022-3127,CVE-2022-3065"
https://github.com/OpenClinica/OpenClinica,69cccaf0f5d3a8f09ac99522835cc8089c618554,CVE-2022-24830
https://github.com/sanluan/PublicCMS,ea8879425cf1171939a4c046b38f9c12f7f0c369,"CVE-2022-29784,CVE-2021-27693,CVE-2022-3950"
https://github.com/jflyfox/jfinal_cms,943da6ff9cd3cf8c9f0c27b0527e9eea1a5ea664,CVE-2022-29648
https://github.com/dhis2/dhis2-core,ad55659d0639755699ed5e4ac216ed226a3d7174,"CVE-2022-24848,CVE-2022-41949,CVE-2021-39179"
https://github.com/yangzongzhuan/RuoYi,227d522eada11e426faad473705e69b4c16f144c,CVE-2022-32065
https://github.com/Karlatemp/UnsafeAccessor,d3b391990bf4fdad4b97fe4293266228a41270b3,CVE-2022-31139
https://github.com/snakeyaml/snakeyaml,0828c39da732f89844c0c66d7f55169417f8cd16,CVE-2022-25857
https://github.com/torvalds/linux,4a95bc121ccdaee04c4d72f84dbfa6b880a514b6,"CVE-2022-2959,CVE-2022-3077,CVE-2021-33624,CVE-2021-3744"
https://github.com/dogtagpki/jss,26cced2ec236b5fd7d6e959a9d2e4dbb15fc7667,CVE-2021-4213
https://github.com/python/cpython,d862b6de1bcff01229318d7138ddaab755723a43,CVE-2021-4189
https://github.com/DPDK/dpdk,117e86c4b96ed761e9a7ab766261208fe81bf5ca,CVE-2021-3839
https://github.com/jlangch/venice,85d63b37dc0be2ba87afe74a458acb8322a7a5a9,CVE-2022-36007
https://github.com/opensearch-project/security,344673a455de956f6a8f3217e61d0636b46a3527,"CVE-2022-35980,CVE-2022-41918"
https://github.com/socketio/socket.io-client-java,822fe23bf840009cf3b9bd545a1b66fe615cda87,CVE-2022-25867
https://github.com/typelevel/fs2,9c2aa64a9f7c0fb97c9b6884730dd33792eae354,CVE-2022-31183
https://github.com/aws/amazon-redshift-jdbc-driver,48d6b4ea7139a9ac8d8035b92eec847267571bfb,CVE-2022-41828
https://github.com/brettwooldridge/NuProcess,7b3a958c22abc1228a34d6fb190b16ac27fafa17,CVE-2022-39243
https://github.com/vuetifyjs/vuetify,08fc4476818e32a31cdc3489e5ec5cd453228258,CVE-2022-25873
https://github.com/diffplug/goomph,36ee3412d39662e5b8ac659150e805b2d1119887,CVE-2022-26049
https://github.com/GoogleContainerTools/jib,fb6a9a120761a0a45c0657c6678ac3e46f83bf59,CVE-2022-25914
https://github.com/davemckain/qtiworks,f1465aad49d575f7fc44ff9eaae3d0d57a323abb,CVE-2022-39367
https://github.com/dataease/dataease,8d82163ec408314593fcd14968b5fa1893a8765d,"CVE-2022-39312,CVE-2023-32310,CVE-2023-40183"
https://github.com/Ree6-Applications/Ree6,b07171bcdf19d359117ae96acff8c079b7c817c2,CVE-2022-39302
https://github.com/mongodb/js-bson,86f9dc4c4b5665408c07aa8dcfe1a82be81aa3f0,"CVE-2018-13863,CVE-2020-7610"
https://github.com/unicode-org/icu,8c9033aaaa91d3d8047e624dc9e5849055be8ae0,CVE-2018-18928
https://github.com/dotCMS/core,889755cbe546f4268d2d0fbb1410da6fa31dc8b0,CVE-2016-4040
https://github.com/liferay/liferay-portal,e040a0f08914d92c7da7bf7d6310d4dc97ad91ad,"CVE-2016-10404,CVE-2010-5327,CVE-2019-16147"
https://github.com/rodnaph/sockso,7c5a8843e3de26dda95d575ed845f4d583c15983,CVE-2012-4267
https://github.com/samtools/htsjdk,c6729bb302d0efd74734929270c6fe857227ffd4,CVE-2022-21126
https://github.com/4ra1n/super-xray,cda5fd16754cc03bcf9b77940cd67506921567f9,CVE-2022-41958
https://github.com/appsmithorg/appsmith,d64361e225ef2e6e7e840e9077339b4f43cdd839,CVE-2022-4096
https://github.com/opensearch-project/OpenSearch,d723db8d10b63138956cafc8fc1725dc330f450a,CVE-2022-41917
https://github.com/eclipse-californium/californium,ad504fd9a10ed7cd5a92a9eb66ceb3e49d810c9e,CVE-2022-39368
https://github.com/xwiki-contrib/oidc,deb5617c96c92d5bc462902465dd44d782820480,CVE-2022-39387
https://github.com/jogetworkflow/jw-community,54c704424d58eb5158421157f791853786041bd9,"CVE-2022-4859,CVE-2022-4560"
https://github.com/itext/rups,0ac6a614f9f61a3b706f7db0b27262370cb23058,CVE-2017-20151
https://github.com/w3c/Unicorn,4f11fd87b2bcf243f6124662d0ca693021825b8c,CVE-2021-4296
https://github.com/HyperaDev/Dragonfly,a9e63ed41fa57e09095d55f09307cd370aeae1c0,CVE-2022-41967
https://github.com/metersphere/metersphere,c19bfd313f593c52d05bce10170e2a8170223450,"CVE-2022-23544,CVE-2023-32699,CVE-2023-38494"
https://github.com/HolgerHees/cloudsync,001656fca715b502910a320e9a866eb4664e83db,CVE-2022-4773
https://github.com/openmrs/openmrs-module-appointmentscheduling,452e1f8a8376b714ae6a2fc46e119c88931795fc,"CVE-2020-36635,CVE-2022-4727"
https://github.com/dgarijo/Widoco,5d9b0e77cf4fba6323600a9f36995a2c1a1aab8e,CVE-2022-4772
https://github.com/aws-amplify/aws-sdk-android,1aedcb18b067794c7d1dbfb606278c5146b39934,CVE-2022-4725
https://github.com/openmrs/openmrs-module-referenceapplication,a6dda613b882161b30df45176149e28f4ff3e665,"CVE-2021-4289,CVE-2021-4288"
https://github.com/indeedeng/util,e1adf9fa1ad5325a9db493dce7791cd85c63e725,CVE-2020-36634
https://github.com/openmrs/openmrs-module-htmlformentryui,5c4bb3f2e478d85153fcc5b2def24fee0146bfcc,CVE-2021-4284
https://github.com/Calsign/APDE,f384e83fae7bd9dab99cbbb869ca6916fb93cc31,CVE-2020-36628
https://github.com/tdunning/pig-vector,20d8ad0b22cebabac94dba506e74e499cdfdf631,CVE-2022-4641
https://github.com/drogatkin/TJWS2,856f58e3f7f9922727470454cf89a0f86764e79a,CVE-2022-4594
https://github.com/LEMS/jLEMS,09b25ebe7d25f3f25bdb169301e35e39ba4a90f2,CVE-2022-4583
https://github.com/eea/eionet.contreg,1210c0d171fe9b465f6af2d811a946bed90b632c,CVE-2022-4513
https://github.com/bspkrs/MCPMappingViewer,756b6bd16fcc7bb1eb60fd9b78796cd9aee4277f,CVE-2022-4494
https://github.com/scifio/scifio,c9922c7dfeb2ee86bd578552ba18377ecfd1fc1d,CVE-2022-4493
https://github.com/m0ver/bible-online,eaddaba903d18bea7d3d653c4cbe913b85207db9,CVE-2022-4454
https://github.com/protocolbuffers/protobuf,418a330527f7722107d316a085d8afb76968ae43,"CVE-2022-3510,CVE-2022-3509,CVE-2022-3171"
https://github.com/codecentric/spring-boot-admin,2737227618d9ea8b9c5f5cd133c46a4bc4479eb1,CVE-2022-46166
https://github.com/spring-cloud/spring-cloud-task,aa2f885684a45bc99fa9dd7086b600544df36f96,CVE-2020-5428
https://github.com/spring-cloud/spring-cloud-dataflow,a1216d3594467afe51aaea6a1144ff67b2239498,CVE-2020-5427
https://github.com/aws/aws-sdk-js-v3,c57206a4bcb8c6ed09ffc064e6d47b42ecd71e2b,CVE-2020-28472
https://github.com/socketio/engine.io,3105a907b734d2e1b0b8dcfa431c5649c8317476,CVE-2020-36048
https://github.com/apache/incubator-livy,d6822aaa04df87fb17e7e061d39cbc05cedae5c3,CVE-2021-26544
https://github.com/SAP/less-openui5,5cc15b13048f6743966e555b90713f87cb6090fa,CVE-2021-21316
https://github.com/lucee/Lucee,3abfca82c497f7a3956af7174cc04a036652c6c7,CVE-2021-21307
https://github.com/http4s/blaze,b5b54706b432595afb24dbffde5ae4c9a9b77a15,CVE-2021-21293
https://github.com/indutny/elliptic,9b77436a59cc35eccf4ffb848259c8762a492ee7,CVE-2020-28498
https://github.com/loklak/loklak_server,f79c657ef8b2c9fccd505ee6c887e38c861f10f3,CVE-2020-15097
https://github.com/jboss-remoting/jboss-remoting,2ad6b5edada5e493e86ff77c86488644bed3718d,CVE-2019-19343
https://github.com/TooTallNate/node-http-proxy-agent,48a066ca0b44f2644cd74e389eb57922786517e8,CVE-2019-10196
https://github.com/swagger-api/swagger-codegen,949f0e6b7ac0a9db79712bfbaf8c80114f28e3b0,"CVE-2021-21364,CVE-2021-21363"
https://github.com/hyperledger/besu,3a486391f6cb016948c3a6b8289a4a1295c6daf5,"CVE-2021-21369,CVE-2021-41272"
https://github.com/vaadin/flow,025e4ed251fe2827041a1b19e83828c42d106aaa,"CVE-2021-31407,CVE-2021-31406,CVE-2020-36319,CVE-2021-31404"
https://github.com/grassrootza/grassroot-platform,a2e6e885f8183a066d938cf909fd813a7af7d67f,CVE-2021-29455
https://github.com/ManyDesigns/Portofino,ca0dbae0d7057aa8d248aeb1275aba3656eef9c0,"CVE-2021-29451,CVE-2022-3952"
https://github.com/tenancy/multi-tenant,2beff8fbe999957050bf9e82904ca637b3256c26,CVE-2021-32645
https://github.com/OpenNMS/opennms,4ddd1d9bb960b766b54be390c6ebd8eee10df3d7,"CVE-2021-25935,CVE-2021-25934,CVE-2021-25933,CVE-2021-25931,CVE-2021-25929,CVE-2021-25930,CVE-2021-25932"
https://github.com/graphhopper/graphhopper,f2e5ab57c72cbcb61f0ab8de7cab2f21d071eabc,CVE-2021-29506
https://github.com/vaadin/framework,517302323c6a50a81924fc873272b39702c2fdfb,"CVE-2021-31409,CVE-2020-36320"
https://github.com/ballerina-platform/ballerina-lang,b5ca47a804f256c5f123ef5343e93ecd1755b8e7,CVE-2021-32700
https://github.com/vanilla/vanilla,884eea88f8ff0b13d65689caf08c33d2fd0b91e5,CVE-2010-4264
https://github.com/94fzb/zrlog,79006bac3a0b3a0d1d07ca1fbc98a142f98b48dc,"CVE-2020-21316,CVE-2020-19005"
https://github.com/nextcloud/android,2af9f66401e4c5c0b65bc14e99d85ad449323b49,"CVE-2021-32658,CVE-2021-43863"
https://github.com/nimble-platform/common,ff645dd88685a5b91b58f16f3099b78176c0262a,CVE-2021-32631
https://github.com/OpenOLAT/OpenOLAT,e829ae672d5deb583d8780df9c9059f0e927d105,"CVE-2021-39180,CVE-2021-39181,CVE-2021-41152,CVE-2021-41242"
https://github.com/GeyserMC/Geyser,d0be6d9c481c848591d29b2dc19701ce836962b2,CVE-2021-39177
https://github.com/apache/ofbiz-framework,791c6ca934a6a0198d2df72fac95443629dd6f06,CVE-2021-25958
https://github.com/opencrx/opencrx,9ab028e6ef7ef63498077b2e61ed3b7efff2045a,"CVE-2021-25959,CVE-2023-46502"
https://github.com/mayankmetha/Rucky,d61036d1cce9a9299d42d7177f1d4f7945f53e59,CVE-2021-41096
https://github.com/jdhwpgmbca/pcapture,c5a1273d36476f7922894d83472a16f9a0dbd5c2,CVE-2021-39196
https://github.com/alkacon/mercury-template,d46275efdbabafe23c584ff97b8a33e8d8afb1d7,CVE-2021-25968
https://github.com/kubernetes-client/java,8f435aa9c597db470d40c94d2742798af8c67094,CVE-2021-25738
https://github.com/common-workflow-language/cwlviewer,4d08cbb6183a8203bb70b5feb9e7e7da9c3b8203,CVE-2021-41110
https://github.com/nextcloud/news-android,6dfa14af347bc943ecd8a20bea0dd413001475dd,CVE-2021-41256
https://github.com/NodeBB/NodeBB,a686cf20624dfebf2077ddfb86054252deef7061,CVE-2021-43787
https://github.com/jmrozanec/cron-utils,d31697ec4c30d4f43a1b528e5781d1d00ea1c967,"CVE-2021-41269,CVE-2020-26238"
https://github.com/AuthGuard/AuthGuard,447b42ff20c1260e0012feac6de449acad38e8ae,CVE-2021-45890
https://github.com/dbeaver/dbeaver,9772ff45a44bf9b4d2f4ef87a76085d4f5d34b47,CVE-2021-3836
https://github.com/simonhaenisch/md-to-pdf,7e0b9fc7a1209dc681903fab25f5af3a0551fd3a,CVE-2021-23639
https://github.com/spacewalkproject/spacewalk,d25f80a669aefaad96234e37eb145fd9c8839b80,"CVE-2020-1693,CVE-2016-3079,CVE-2015-0284"
https://github.com/Accenture/mercury,dddb6b0225ee8a6b8f549584f8c3d7ba6d55f0de,CVE-2020-10990
https://github.com/CESNET/perun,ca2dc4085a0d3cc3a8f3a0fa55bd93500d8dedcd,CVE-2020-5281
https://github.com/google/closure-library,b312823ec5f84239ff1db7526f4a75cba0420a33,CVE-2020-8910
https://github.com/Zimbra/zm-mailbox,5b4f6b2a95669d8cd5cf71140341c2bbf39e9cb6,CVE-2020-10194
https://github.com/dojo/dojox,41184d55a6b6d2b0645238e4ce427c7ac55cf823,CVE-2020-5259
https://github.com/dojo/dojo,185a4fb314de482a1b6b5668095b998da9c1b58f,CVE-2020-5258
https://github.com/wildfly-security/soteria,45da9c735e9fbd9131c7e43daae09359b2cb0215,CVE-2020-1732
https://github.com/faye/faye,d842738b5075fd4a1e6d10c7ea727b66f35342ca,CVE-2020-11020
https://github.com/gruntjs/grunt,aa15bdc5b435e2938744658dec31ec29c3109afc,CVE-2020-7729
https://github.com/bigbluebutton/bigbluebutton,7a1ba5a5d9ec26e774b0b2596f3a022cc7e4fb6f,"CVE-2020-25820,CVE-2023-33176"
https://github.com/npm/npm-user-validate,93b35f4369bd563ab4b01fabbc69b39a3c4debe5,CVE-2020-7754
https://github.com/softwaremill/akka-http-session,f015a450192110397103be7be909c0216e3acedd,CVE-2020-7780
https://github.com/highlightjs/highlight.js,5744d6c6c747d2e61413c79b07ea77ca06e96fbd,CVE-2020-26237
https://github.com/nodemailer/nodemailer,493635f0d764d2ae9207140a93f02bf36dee3788,CVE-2020-7769
https://github.com/faisalman/ua-parser-js,64a933bae8cc5f9bc2638300ed608faab79fd7bd,CVE-2020-7793
https://github.com/npm/ini,e9a06ad749352a6a28927f43e8bd91df1cc0b6e1,CVE-2020-7788
https://github.com/facebook/hhvm,4794a8c90639a7830a2bc6162e29c110dd6ac4bd,CVE-2019-3557
https://github.com/haiwen/seadroid,21c4716de6ce3bcc0118f41375da5f7362a67fa9,CVE-2019-8919
https://github.com/signalapp/Signal-Android,36444662631ddc0737b136e2e0b2f47bce110167,CVE-2019-9970
https://github.com/mafintosh/tar-fs,e4a7a401e80267247b8e9e39d8e5ba82c4fe2f7b,CVE-2018-20835
https://github.com/eclipse/hawkbit,64ee8b9906039050d0cb13f69f9e723c900d67b2,CVE-2019-10240
https://github.com/alkacon/apollo-template,e79434ea858a879fd9bc630830d293afb3fc2518,"CVE-2019-13234,CVE-2019-13235"
https://github.com/jonschlinkert/assign-deep,ee7ca64849a4c1d9c11ee86c5b8b91337d24c5b4,CVE-2019-10745
https://github.com/Automattic/mongoose,4c7bdaa4c1536d742bcced7b3be854449a2641b7,CVE-2019-17426
https://github.com/wso2/carbon-mediation,486f875c58716cf04a1026cd9137436b0026677f,CVE-2019-19587
https://github.com/jasongoodwin/authentikat-jwt,37920f65580ebd93f9c6e6d032e642195854916f,CVE-2017-18239
https://github.com/Bitmessage/PyBitmessage,33b42bdb8afc470905761524485665d4bd7ca08f,CVE-2018-1000070
https://github.com/senchalabs/connect,98ab0c435852b311ed57fe48a1846c2dae84e266,CVE-2018-3717
https://github.com/linlinjava/litemall,c2861385afa6920c68c1c448f0777f5a25d90fae,CVE-2018-18434
https://github.com/hs-web/hsweb-framework,4e9344bf346a50301e4b629c8ea66ec2b2f89553,"CVE-2018-20595,CVE-2018-20594"
https://github.com/lxc/lxc,afe44cf137392b3c54648654b8959655e5529674,CVE-2016-10124
https://github.com/ge0rg/yaxim,5a483c10319a330a3e407910178f0ea1bb33e451,CVE-2017-5589
https://github.com/candlepin/subscription-manager,a46a8cbf6f7eb614d7714069eaea2103b2b4254b,CVE-2016-4455
https://github.com/wildfly-security/jboss-negotiation,f16318a4f09ecf27a82c3f396ee3a07706a4144c,CVE-2015-1849
https://github.com/dashbuilder/dashbuilder,1db9f2ffd12a2ce814b89b6ecc99f06635ddee85,CVE-2016-4999
https://github.com/yarolig/didiwiki,57b0399f4dec1bea1542ab3afa89427f08463a9c,CVE-2013-7448
https://github.com/ceph/ceph,bfeb0b20c0bd4abb01ea427bec3fa40c3b5d4da9,CVE-2016-5009
https://github.com/uclouvain/openjpeg,e7453e398b110891778d8da19209792c69ca7169,CVE-2016-5157
https://github.com/igniterealtime/Smack,cfa3ce1573e54c356b24562df77d204f5648c06e,CVE-2016-10027
https://github.com/WordPress/WordPress,70c96c141d37322ebef8385071f51e98908a4b82,CVE-2018-5776
https://github.com/rubygems/rubygems,bf480c8f2a41083330f2536652f6a6d3b6c7a015,CVE-2018-1000076
https://github.com/salesforce/tough-cookie,3e642dc777b6f56e47521d88ad6fefbb5293e474,CVE-2016-1000232
https://github.com/OpenRefine/OpenRefine,b6189f458c73b55df332a93e804a96b13d967c8c,"CVE-2019-3580,CVE-2023-37476,CVE-2023-41887,CVE-2023-41886"
https://github.com/arrow-kt/arrow,d4e4f048443e92eced8ea5d22998323011267094,CVE-2019-11404
https://github.com/NationalSecurityAgency/ghidra,aa8bffe707f868374c8f469689852a6312a04f1f,CVE-2019-16941
https://github.com/u-boot/u-boot,a3e09b24ffd4429909604f1b28455b44306edbaa,CVE-2020-10648
https://github.com/yargs/yargs-parser,3aba24ceaa1a06ceb982c63a06002526d781e826,CVE-2020-7608
https://github.com/nystudio107/craft-seomatic,c0bd3977dc1de4eb54846c0d902e0946349e3273,CVE-2020-12790
https://github.com/dojo/dijit,8ab4cdc2e4bb03d1bca6e76a2a9179dc8c5d846a,CVE-2020-4051
https://github.com/npm/cli,2f302516401928239593dd2eebc171729df60537,CVE-2020-15095
https://github.com/gophish/gophish,95618469799295e2c0fec980805a2dfbb818816b,CVE-2020-24707
https://github.com/cure53/DOMPurify,0f7ce144b2dd12295366b3e677da7d64bff2b60d,CVE-2020-26870
https://github.com/socketio/socket.io-parser,5662ab0be47029d76eaf49b05277b691cd5f4675,CVE-2020-36049
https://github.com/npm/hosted-git-info,3dfd77128d9ecabf9ef692ca5af17c9349c56a4e,CVE-2021-23362
https://github.com/drudru/ansi_up,07a4824757d4dfbb41236a4245a6ce37f21aeb91,CVE-2021-3377
https://github.com/FusionAuth/fusionauth-samlv2,b11137a8ca02b986b54988a886dffd4aaf434dac,CVE-2021-27736
https://github.com/NationalSecurityAgency/emissary,a6ddfa3a35e7c56667ec0b6e52f382d85d3fb4bf,CVE-2021-32634
https://github.com/fracpete/vfsjfilechooser2,587ad2c6e445b6acd71da37eafe5c7fb43b8d666,CVE-2021-29061
https://github.com/grafana/grafana,0682ffa0ab43d3330dc8b6d3e9e80a67c3a1ccb7,CVE-2021-43815
https://github.com/liquibase/liquibase,109cfbd7b0ca067ba02b3cf81e6b78b0ead828f4,CVE-2022-0839
https://github.com/OpenSC/OpenSC,bd7de44b3971d0b4f66140ce7afb09408ffdbcd6,"CVE-2021-42781,CVE-2021-42782"
https://github.com/sparklemotion/nekohtml,efb9742dcf9af23ed7e9205112c2650fde703078,CVE-2022-24839
https://github.com/gocd/gocd-ldap-authentication-plugin,e4ac0a08f3ca646eafeee1bb9e7a64d7d8bde587,CVE-2022-24832
https://github.com/spring-cloud/spring-cloud-function,d0b03c3119e31e331bcfc0ef6ba48303c9e4983c,CVE-2022-22963
https://github.com/PCRE2Project/pcre2,098655996cfb1d5d8a527d5fd62fca1646cc5cd8,"CVE-2022-1587,CVE-2022-1586"
https://github.com/haraldk/TwelveMonkeys,71d829504246ba37bdbed54a8365c42b0920409a,CVE-2021-23792
https://github.com/alibaba/fastjson,c942c83443117b73af5ad278cc780270998ba3e1,CVE-2022-25845
https://github.com/kjur/jsrsasign,58bb24192f501927014b67911bbde8ef27532319,CVE-2022-25898
https://github.com/xnio/xnio,27bec13a1ed74b2dc1b5de91e71fe1fc17f6d8fd,CVE-2022-0084
https://github.com/payara/Payara,bb3d884c07da3a1c0a9311551ba4ae4402bbb753,CVE-2022-45129
https://github.com/apache/commons-bcel,9fe0f1caab7d803699baf31b2343eaca9b8e094a,CVE-2022-42920
https://github.com/onc-healthit/code-validator-api,7b2268a46bbec02b8150709b6f78f8f8a25929ef,CVE-2021-4295
https://github.com/centic9/jgit-cookbook,bcc0bf3f1daf1049524190fefce1cfae18512d39,CVE-2022-4817
https://github.com/webdetails/cpf,2f06384d5b4d26dbfcbe61ab9bab96f61a1c2f17,CVE-2021-4266
https://github.com/3dcitydb/web-feature-service,c68ed998980a5a9ebd7948be24a03eb4c66e88aa,CVE-2022-4607
https://github.com/nielsbasjes/yauaa,bd12b4ff1abe1cc1562bed25cfb54cd691803d7c,CVE-2022-23496
https://github.com/KYUUBl/school-register,34cc2a0725b26ecc872f3e50285f4dba2d01476c,CVE-2015-10047
https://github.com/neo4j-contrib/neo4j-apoc-procedures,90c7360d676d65f3d97de26f182644c5b00757a6,CVE-2022-23532
https://github.com/j-nowak/workout-organizer,c11e5ee9712e5dead378bf39ce63e005ab0ce1b4,CVE-2015-10034
https://github.com/devent/globalpom-utils,a4a1219eccb82005b18c9acd3963b5649e4fa2a6,CVE-2018-25068
https://github.com/geoserver/geoserver,e62cf10a55b90f626b177ef7ba83d0a395367855,CVE-2023-25157
https://github.com/apolloconfig/apollo,56ec1446a6212244263cd75d03f979ab8d2e152c,CVE-2023-25570
https://github.com/3breadt/dd-plist,abf5a22aca971b86c7968e63a24c14483889ebb0,CVE-2016-15026
https://github.com/OCLC-Research/oaicat,e8e39607ab33b91e37ccc3c5071f1c682fff60ae,CVE-2013-10019
https://github.com/jmurty/java-xmlbuilder,0fbd3bc7512f5054711fa6d9ba7160d07ede9cf3,CVE-2014-125087
https://github.com/jenkinsci/synopsys-coverity-plugin,c84ccd80ec0039f04358cf651cbe4f5a0b861cc2,"CVE-2023-23850,CVE-2023-23848,CVE-2023-23847"
https://github.com/apache/dolphinscheduler,5aa23459e6171e03939a8f24678f7cff21448124,CVE-2023-25601
https://github.com/apache/ofbiz-plugins,7b261dd92a47e6f50d1d4d8fc8500317fe2518d4,CVE-2022-47501
https://github.com/apache/sling-org-apache-sling-engine,2e0b06956cb20f4aba22552cb46bf3b7bc75e7cb,CVE-2022-45064
https://github.com/pingidentity/ssam,d74e55698db79b74f9e51f18c213c0353995856b,CVE-2018-25084
https://github.com/jstachio/jstachio,6b19a1a8cf36003513031230fe78404e1a46d50d,CVE-2023-33962
https://github.com/xerial/snappy-java,0b125f916a6bfba38a767f7b0bdec32f340942e2,"CVE-2023-34455,CVE-2023-34453,CVE-2023-34454,CVE-2023-43642"
https://github.com/discourse/discourse,52c6c852df91d8d8780064a752bd7b9eeaf7cfd5,CVE-2023-37904
https://github.com/codehaus-plexus/plexus-archiver,d95ba8658a7b19049e37f2765a99cc1cf190519c,CVE-2023-37460
https://github.com/apache/jackrabbit,86ff983715b30c8bdc650c420974a6a63c7bb546,CVE-2023-37895
https://github.com/OpenIdentityPlatform/OpenAM,bb757a6733f9c88ef43a50115e94bba94a4ab7a4,CVE-2023-37471
https://github.com/apache/eventmesh,436ce787003be601703dc04e4738abd6099c7d03,CVE-2023-26512
https://github.com/square/okio,37c0ca3517dda5054c8afc04a3cc5b9b1cf4087e,CVE-2023-3635
https://github.com/cc-tweaked/CC-Tweaked,4344c3072f8eb1becf193aca84b975c073c169c3,CVE-2023-37262
https://github.com/Graylog2/graylog2-server,dce9b4373ad1a855a699a3504c8e6fdde39dae8d,"CVE-2023-41045,CVE-2023-41044,CVE-2023-41041"
https://github.com/eclipse-leshan/leshan,85506b8a09ff441e97e0a89db249a3cd2767e9db,CVE-2023-41034
https://github.com/pf4j/pf4j,83ac693a3773e77ad10d7a087fc25152b7384184,CVE-2023-40828
https://github.com/apache/ant-ivy,60a1ff1b114745b070dbfcce15e3878ce9364023,CVE-2022-46751
https://github.com/archimatetool/archi,a0f8691472895bf8dce67cb50f65d496d60c85e1,CVE-2023-40235
https://github.com/aerospike/aerospike-client-java,321999b27bbebd380469dc07c935334e567dc989,CVE-2023-36480
https://github.com/apache/axis-axis1-java,2c0d66018480e0cb73d5005c99c68ef55558d2a3,CVE-2023-40743
https://github.com/rabbitmq/rabbitmq-java-client,3d482dc28f814fbbecc0d4824b5a1909908f10a2,CVE-2023-46120
https://github.com/apache/shenyu,6898a9282e41dc69a21d0b889b7e0f5c872d6cc5,CVE-2023-25753
https://github.com/xwikisas/identity-oauth,95bd606c768c247b1a2d806af8d14a50e2e353b3,CVE-2023-45144
https://github.com/webauthn4j/webauthn4j-spring-security,1834a033efe23071ee03b386ab312ccef2c549b4,CVE-2023-45669
https://github.com/SeleniumHQ/selenium,638621f4bc3c632c5955fb4d056fd2f01b6cf835,CVE-2023-5590
https://github.com/xwiki-contrib/application-changerequest,3cbbf63fdcc9fcc00449a526a8435654a8782c9c,CVE-2023-45138
https://github.com/micronaut-projects/micronaut-security,3dfe353a8053ec54f086e945487aa09298ff5067,CVE-2023-36820
https://github.com/redisson/redisson,f20c17134ab242feff8be8fc993c3dcd99c602aa,CVE-2023-42809
https://github.com/xwiki-contrib/application-admintools,2053ee0088acc2bb72d4da52832032868490d846,"CVE-2023-48293,CVE-2023-48292"
https://github.com/apache/submarine,7a1d551798c6785fc68fe028fc46f74c3ee6976d,CVE-2023-46302
https://github.com/eclipse-platform/eclipse.platform.ui,a9ec6c9cee8f958db57b453f878a1f7a5e173a9f,CVE-2023-4218
